gene symbol,gene mim,disease name,disease mim,DDD category,allelic requirement,mutation consequence,phenotypes,organ specificity list,pmids,panel,prev symbols,hgnc id,gene disease pair entry date
ABCC9,601439,"HYPERTRICHOTIC OSTEOCHONDRODYSPLASIA, CANTU SYNDROME",239850,confirmed,monoallelic,uncertain,HP:0000159;HP:0010068;HP:0004755;HP:0004756;HP:0011715;HP:0010285;HP:0010109;HP:0008822;HP:0000343;HP:0001279;HP:0000347;HP:0000581;HP:0009928;HP:0000212;HP:0001698;HP:0001644;HP:0004757;HP:0000215;HP:0001520;HP:0002553;HP:0000154;HP:0001654;HP:0000926;HP:0000939;HP:0000158;HP:0001649;HP:0000470;HP:0009882;HP:0001249;HP:0011220;HP:0003236;HP:0010059;HP:0003016;HP:0000179;HP:0000431;HP:0004751;HP:0000340;HP:0000407;HP:0100578;HP:0004975;HP:0007665;HP:0012471;HP:0000944;HP:0005129;HP:0000527;HP:0000463;HP:0001869;HP:0000256;HP:0001639;HP:0000574;HP:0001537;HP:0003457;HP:0001072;HP:0001874;HP:0001155;HP:0005616;HP:0000774;HP:0000336;HP:0002690;HP:0001643;HP:0002750;HP:0001250;HP:0005692;HP:0001163;HP:0002673;HP:0004540;HP:0001182;HP:0002652;HP:0011704;HP:0003198;HP:0005280;HP:0000157;HP:0001647;HP:0000006;HP:0012251;HP:0000664;HP:0002230;HP:0000280;HP:0000414;HP:0004493;HP:0001640;HP:0000232;HP:0003300;HP:0100540;HP:0001004;HP:0000221;HP:0005445;HP:0011712;HP:0002162;HP:0011705;HP:0006101;HP:0003189;HP:0001663;HP:0010055;HP:0000286;HP:0004634;HP:0000885;HP:0000982;HP:0001176;HP:0001695;HP:0000294;HP:0006670;HP:0001256;HP:0000316;HP:0004308,Heart/Cardiovasculature/Lymphatic,22608503;22610116;8630239;8826984;21984445;26621776,Cardiac,"ABC37;ATFB12, CANTU, CMD1O, SUR2",60,2020-06-23T09:22:28Z
ACTA2,102620,"AORTIC ANEURYSM FAMILIAL THORACIC, 6",611788,confirmed,monoallelic,uncertain,HP:0001647;HP:0004944;HP:0002105;HP:0005181;HP:0011834;HP:0000965;HP:0000766;HP:0002705;HP:0002326;HP:0100775;HP:0002650;HP:0007866;HP:0003549;HP:0002875;HP:0012763;HP:0002617;HP:0001640;HP:0012499;HP:0002107;HP:0002616;HP:0005112;HP:0002686;HP:0001166;HP:0100749;HP:0012727;HP:0004942;HP:0100659;HP:0000525;HP:0002140;HP:0000098;HP:0030891;HP:0011499;HP:0001677;HP:0000822;HP:0000006;HP:0002138;HP:0000028;HP:0002789;HP:0004950;HP:0001009;HP:0002092;HP:0002566;HP:0001643;HP:0004933;HP:0001250;HP:0001297;HP:0000278;HP:0004970;HP:0001249;HP:0012163;HP:0000023;HP:0100770;HP:0002119;HP:0200146;HP:0000316;HP:0001659;HP:0001679;HP:0004959;HP:0011106;HP:0001763;HP:0002647;HP:0005162;HP:0000978,Heart/Cardiovasculature/Lymphatic,17994018;20689142;19639654;19409525;27551047;26153420;11053242,Cardiac,ACTSA,130,2020-06-23T09:22:28Z
ACTC1,102540,"CARDIOMYOPATHY, HYPERTROPHIC, 11",612098,confirmed,monoallelic,all missense/in frame,HP:0100578;HP:0003198;HP:0030682;HP:0001631;HP:0000006;HP:0000407;HP:0000982;HP:0001639;HP:0001644;HP:0011675;HP:0001874;HP:0003236;HP:0004308;HP:0001635;HP:0001712;HP:0001723;HP:0003457,Heart/Cardiovasculature/Lymphatic,21570694;16945537;15520409,Cardiac,"ACTC;ASD5, CMD1R, CMH11, LVNC4",143,2020-06-23T09:22:28Z
BAG3,603883,"MYOPATHY, MYOFIBRILLAR, 6",612954,confirmed,monoallelic,uncertain,HP:0001644;HP:0003457;HP:0003715;HP:0001635;HP:0006380;HP:0003560;HP:0003236;HP:0003678;HP:0002650;HP:0001639;HP:0032341;HP:0006597;HP:0000982;HP:0003700;HP:0001761;HP:0002936;HP:0001265;HP:0003447;HP:0010628;HP:0001874;HP:0000407;HP:0001611;HP:0003388;HP:0003458;HP:0003306;HP:0007108;HP:0002093;HP:0100578;HP:0000006;HP:0003198,Heart/Cardiovasculature/Lymphatic,19085932;20605452;25208129;25728519;26545904;27443559;22734908;16936253;20884878,Cardiac,"BAG-3;BIS, CAIR-1, MFM6",939,2020-06-23T09:22:28Z
BRAF,164757,CARDIOFACIOCUTANEOUS SYNDROME 1,115150,confirmed,monoallelic,uncertain,HP:0100697;HP:0000238;HP:0001004;HP:0005692;HP:0007370;HP:0001250;HP:0004415;HP:0007392;HP:0011800;HP:0000368;HP:0000176;HP:0002750;HP:0000280;HP:0000470;HP:0000494;HP:0000365;HP:0000508;HP:0001276;HP:0001513;HP:0009908;HP:0002162;HP:0003196;HP:0007477;HP:0001093;HP:0002360;HP:0001892;HP:0000028;HP:0001249;HP:0001658;HP:0006191;HP:0000179;HP:0002650;HP:0010576;HP:0000358;HP:0100703;HP:0000488;HP:0000982;HP:0000708;HP:0002514;HP:0001531;HP:0011710;HP:0001259;HP:0000529;HP:0008391;HP:0002217;HP:0004841;HP:0001639;HP:0000870;HP:0001633;HP:0000768;HP:0001085;HP:0002031;HP:0010807;HP:0000369;HP:0001054;HP:0001928;HP:0006114;HP:0031162;HP:0002659;HP:0001048;HP:0001608;HP:0011750;HP:0000478;HP:0001156;HP:0030680;HP:0001680;HP:0009466;HP:0008357;HP:0001627;HP:0000639;HP:0001382;HP:0003006;HP:0010669;HP:0430000;HP:0000486;HP:0003477;HP:0001744;HP:0000293;HP:0030521;HP:0002167;HP:0000194;HP:0005280;HP:0000914;HP:0001511;HP:0002797;HP:0008113;HP:0011470;HP:0000657;HP:0007924;HP:0008872;HP:0007440;HP:0000407;HP:0003691;HP:0000474;HP:0001003;HP:0030084;HP:0040075;HP:0001290;HP:0005978;HP:0001263;HP:0000006;HP:0002664;HP:0004209;HP:0000520;HP:0001629;HP:0032152;HP:0030939;HP:0000637;HP:0001047;HP:0001425;HP:0011220;HP:0012719;HP:0011362;HP:0002002;HP:0003298;HP:0000974;HP:0001262;HP:0002967;HP:0002705;HP:0001428;HP:0007987;HP:0002015;HP:0012059;HP:0000400;HP:0000135;HP:0009891;HP:0000248;HP:0000863;HP:0002974;HP:0002033;HP:0000268;HP:0000414;HP:0001634;HP:0002019;HP:0100763;HP:0001260;HP:0006695;HP:0001641;HP:0004306;HP:0007333;HP:0000348;HP:0000689;HP:0000276;HP:0001117;HP:0002516;HP:0012505;HP:0004422;HP:0001252;HP:0004414;HP:0002017;HP:0000316;HP:0000915;HP:0002212;HP:0000561;HP:0000044;HP:0011675;HP:0000545;HP:0002013;HP:0000126;HP:0000962;HP:0012286;HP:0000463;HP:0003577;HP:0008064;HP:0009748;HP:0000938;HP:0001636;HP:0100769;HP:0002240;HP:0002857;HP:0002321;HP:0000958;HP:0000925;HP:0002751;HP:0000343;HP:0012471;HP:0010318;HP:0000256;HP:0002020;HP:0002861;HP:0000341;HP:0100542;HP:0001631;HP:0002315;HP:0000995;HP:0011869;HP:0002617;HP:0100730;HP:0000325;HP:0002299;HP:0003508;HP:0000007;HP:0000912;HP:0001643;HP:0001508;HP:0001646;HP:0002223;HP:0000431;HP:0200036;HP:0001256;HP:0000823;HP:0000164;HP:0200102;HP:0001187;HP:0002208;HP:0000499;HP:0000047;HP:0008245;HP:0011734;HP:0001743;HP:0000504;HP:0011381;HP:0001654;HP:0002007;HP:0004482;HP:0100625;HP:0000648;HP:0100840;HP:0008625;HP:0002213;HP:0001520;HP:0011024;HP:0000767;HP:0007565;HP:0002863;HP:0000975;HP:0009719;HP:0002591;HP:0000078;HP:0000218;HP:0000476;HP:0002997;HP:0000465;HP:0001510;HP:0000286;HP:0000391;HP:0001319;HP:0004322;HP:0002719;HP:0008897;HP:0010535;HP:0000306;HP:0001622;HP:0002086;HP:0002637;HP:0000144;HP:0001642;HP:0030588;HP:0001482;HP:0001324;HP:0006519;HP:0100543;HP:0001480;HP:0200034;HP:0000917;HP:0000347;HP:0010939;HP:0000271;HP:0006610;HP:0000953;HP:0008070;HP:0003251;HP:0001561;HP:0004859;HP:0002120;HP:0002353;HP:0001582,Heart/Cardiovasculature/Lymphatic,16474404;16439621;23875798;25639853;24409384;19376813;26472072,Cardiac,"B-RAF1;B-raf, BRAF1, NS7, RAFB1",1097,2020-06-23T09:22:28Z
CACNA1C,114205,TIMOTHY SYNDROME,601005,confirmed,monoallelic,uncertain,HP:0011712;HP:0002719;HP:0002090;HP:0001645;HP:0001662;HP:0004755;HP:0001629;HP:0001663;HP:0001643;HP:0004751;HP:0000821;HP:0001943;HP:0005280;HP:0001636;HP:0001279;HP:0001290;HP:0001655;HP:0005110;HP:0012251;HP:0001159;HP:0004308;HP:0000717;HP:0001249;HP:0000691;HP:0001263;HP:0001640;HP:0011704;HP:0012272;HP:0012232;HP:0000219;HP:0001649;HP:0011715;HP:0001250;HP:0001657;HP:0001695;HP:0000006;HP:0000311;HP:0001699;HP:0011705;HP:0002901;HP:0012725;HP:0012387,Heart/Cardiovasculature/Lymphatic,17224476;20817017;23575362;24321233;28401855;8392192,Cardiac,"CACH2;CACN2, CACNL1A1, CCHL1A1, CaV1.2, LQT8, TS, TS. LQT8",1390,2020-06-23T09:22:28Z
CALM1,114180,LONG QT SYNDROME 14,616247,confirmed,monoallelic,uncertain,HP:0001657;HP:0002321;HP:0001699;HP:0000006;HP:0004756;HP:0001695;HP:0005184;HP:0001279;HP:0001645;HP:0001663,Heart/Cardiovasculature/Lymphatic,16556865;23388215;24076290;24816216;26309258;26969752;27374306;28158429,Cardiac,"CALML2;CAM2, CAM3, CAMB, CAMC, CAMI, CAMIII, CPVT4, DD132, LQT14, PHKD, caM",1442,2020-06-23T09:22:28Z
CALM2,114182,LONG QT SYNDROME 15,616249,confirmed,monoallelic,uncertain,HP:0001657;HP:0004751;HP:0001649;HP:0001695;HP:0011712;HP:0012251;HP:0000006;HP:0001662;HP:0001645;HP:0004755;HP:0011704;HP:0011705;HP:0005184;HP:0011715;HP:0001663;HP:0004308;HP:0001279;HP:0002321;HP:0004756,Heart/Cardiovasculature/Lymphatic,16556865;23388215;24917665;24958779;24816216;26309258;26969752;27374306;28575668;28335032;27765793,Cardiac,"CALM;CALML2, CAM1, CAM3, CAMC, CAMII, CAMIII, LQT15, PHKD, PHKD2, caM",1445,2020-06-23T09:22:28Z
CALM3,114183,NA,No disease mim,confirmed,NA,uncertain,NA,Heart/Cardiovasculature/Lymphatic,16556865;23388215;25460178;28491681;26969752,Cardiac,NA,1449,2020-06-23T09:22:28Z
CAV3,601253,CAVEOLINOPATHY,192600,confirmed,NA,uncertain,HP:0001425;HP:0003738;HP:0000006;HP:0001688;HP:0002312;HP:0003707;HP:0011805;HP:0008075;HP:0008981;HP:0001695;HP:0009005;HP:0002936;HP:0030089;HP:0003581;HP:0040081;HP:0003458;HP:0003559;HP:0001657;HP:0008962;HP:0003760;HP:0003457;HP:0008967;HP:0009063;HP:0003124;HP:0000467;HP:0003719;HP:0001284;HP:0003557;HP:0008954;HP:0001962;HP:0001761;HP:0003710;HP:0003236;HP:0004308;HP:0003326;HP:0003712,Heart/Cardiovasculature/Lymphatic,NA,Cardiac,"LGMD1C;LQT9, MPDT, RMD2, VIP-21, VIP21",1529,2020-06-23T09:22:28Z
COL3A1,120180,EHLERS-DANLOS SYNDROME TYPE IV,130050,confirmed,monoallelic,uncertain,HP:0000995;HP:0000190;HP:0002321;HP:0000233;HP:0004944;HP:0000501;HP:0100718;HP:0012385;HP:0000704;HP:0000168;HP:0001762;HP:0012733;HP:0002108;HP:0002617;HP:0100840;HP:0100585;HP:0000271;HP:0002213;HP:0002365;HP:0100545;HP:0000007;HP:0000563;HP:0000444;HP:0000387;HP:0002105;HP:0007029;HP:0001073;HP:0010318;HP:0002126;HP:0001373;HP:0001892;HP:0002619;HP:0001250;HP:0030009;HP:0000978;HP:0001773;HP:0006480;HP:0010648;HP:0000139;HP:0004937;HP:0000490;HP:0001537;HP:0007400;HP:0005692;HP:0002616;HP:0040197;HP:0000520;HP:0007392;HP:0030680;HP:0001582;HP:0012246;HP:0000822;HP:0100784;HP:0000951;HP:0002107;HP:0000316;HP:0001238;HP:0002652;HP:0002758;HP:0000508;HP:0000028;HP:0002650;HP:0002642;HP:0007495;HP:0001249;HP:0002138;HP:0007900;HP:0000411;HP:0001030;HP:0002621;HP:0002119;HP:0010719;HP:0000993;HP:0000506;HP:0001270;HP:0004372;HP:0012368;HP:0200055;HP:0001273;HP:0000347;HP:0001321;HP:0006323;HP:0005294;HP:0001075;HP:0001760;HP:0002076;HP:0001622;HP:0001842;HP:0000023;HP:0000286;HP:0000212;HP:0002326;HP:0000499;HP:0012518;HP:0000446;HP:0001654;HP:0000164;HP:0000963;HP:0001596;HP:0000540;HP:0008065;HP:0004322;HP:0011029;HP:0100543;HP:0000418;HP:0031157;HP:0000691;HP:0002093;HP:0001123;HP:0001374;HP:0002242;HP:0000496;HP:0000912;HP:0002705;HP:0100807;HP:0000015;HP:0000047;HP:0000670;HP:0002647;HP:0005244;HP:0009771;HP:0001482;HP:0000615;HP:0000750;HP:0004942;HP:0010535;HP:0004947;HP:0000278;HP:0000319;HP:0001627;HP:0005267;HP:0000276;HP:0002900;HP:0100578;HP:0100817;HP:0000322;HP:0000678;HP:0002363;HP:0000592;HP:0004970;HP:0000767;HP:0002500;HP:0100645;HP:0009906;HP:0001263;HP:0000006;HP:0000160;HP:0001269;HP:0002293;HP:0002350;HP:0002797;HP:0200042;HP:0001000;HP:0000230;HP:0006201;HP:0002170;HP:0001634,Heart/Cardiovasculature/Lymphatic,2349939;2243125;24922459;2365710;25907466;8098182;19695909;3162228;9050868,Cardiac,"EDS4A;EDSVASC, PMGEDSV",2201,2020-06-23T09:22:28Z
CRYAB,123590,"MYOPATHY, MYOFIBRILLAR, FATAL INFANTILE HYPERTONIC, ALPHA-B CRYSTALLIN-RELATED",613869,confirmed,biallelic,uncertain,HP:0002878;HP:0003678;HP:0000556;HP:0040081;HP:0000518;HP:0001265;HP:0003555;HP:0001639;HP:0100578;HP:0002063;HP:0000007;HP:0003694;HP:0003236;HP:0001638;HP:0009063;HP:0003557;HP:0002747;HP:0002460;HP:0002093;HP:0002355;HP:0100020;HP:0003198;HP:0000982;HP:0000006;HP:0001644;HP:0030225;HP:0001874;HP:0003677;HP:0003552;HP:0000519;HP:0009073;HP:0001653;HP:0003457;HP:0100299;HP:0003327;HP:0000407;HP:0003325;HP:0001371;HP:0002104;HP:0001349;HP:0001612;HP:0009027;HP:0000467;HP:0001115;HP:0009072;HP:0001618;HP:0003560;HP:0002015;HP:0003736;HP:0003458;HP:0003581,Heart/Cardiovasculature/Lymphatic,NA,Cardiac,"CMD1II;CRYA2, CTPP2, CTRCT16, HEL-S-101, HSPB5, MFM2",2389,2020-06-23T09:22:28Z
DES,125660,"MYOPATHY, MYOFIBRILLAR, 1, Desminopathy",601419,confirmed,monoallelic,uncertain,HP:0002014;HP:0005659;HP:0000007;HP:0002460;HP:0006673;HP:0003236;HP:0000407;HP:0001709;HP:0002600;HP:0001723;HP:0002747;HP:0009027;HP:0003704;HP:0100578;HP:0001662;HP:0003694;HP:0002355;HP:0005115;HP:0001645;HP:0001678;HP:0030192;HP:0001874;HP:0009049;HP:0030319;HP:0009053;HP:0000006;HP:0000982;HP:0006957;HP:0011663;HP:0003306;HP:0001762;HP:0005157;HP:0001639;HP:0003458;HP:0001644;HP:0003724;HP:0030196;HP:0002522;HP:0001635;HP:0002019;HP:0003457;HP:0003323;HP:0001283;HP:0003327;HP:0010628;HP:0003812;HP:0003198;HP:0000467;HP:0003722,Heart/Cardiovasculature/Lymphatic,11061256;10717012;9697706;10545598;11061256;19105189;10717012;17221859;1544366;2673923;16217025;25358400,Cardiac,"CDCD3;CMD1F, CSM1, CSM2, LGMD1D, LGMD1E, LGMD2R",2770,2020-06-23T09:22:28Z
FBN1,134797,MARFAN SYNDROME,154700,confirmed,monoallelic,uncertain,HP:0000414;HP:0100749;HP:0030680;HP:0000463;HP:0000518;HP:0003199;HP:0002119;HP:0000272;HP:0000767;HP:0001324;HP:0000268;HP:0002686;HP:0001629;HP:0001230;HP:0001783;HP:0002097;HP:0008081;HP:0001763;HP:0000485;HP:0001761;HP:0000486;HP:0000160;HP:0100625;HP:0005978;HP:0002240;HP:0001181;HP:0003196;HP:0007800;HP:0100578;HP:0000545;HP:0004279;HP:0005136;HP:0001713;HP:0003508;HP:0003026;HP:0002616;HP:0030799;HP:0003119;HP:0003179;HP:0200055;HP:0010579;HP:0011106;HP:0002002;HP:0001187;HP:0002647;HP:0004322;HP:0009778;HP:0003549;HP:0011968;HP:0100807;HP:0001072;HP:0001065;HP:0004298;HP:0000460;HP:0000572;HP:0001371;HP:0000348;HP:0008734;HP:0001635;HP:0000179;HP:0001265;HP:0001518;HP:0001765;HP:0005900;HP:0011220;HP:0001650;HP:0007328;HP:0000501;HP:0001334;HP:0001653;HP:0008124;HP:0000098;HP:0001646;HP:0009830;HP:0010049;HP:0000577;HP:0000534;HP:0000411;HP:0000586;HP:0100693;HP:0003312;HP:0001622;HP:0000505;HP:0001083;HP:0000275;HP:0001718;HP:0001166;HP:0002326;HP:0005112;HP:0030148;HP:0200146;HP:0000327;HP:0002105;HP:0000369;HP:0004872;HP:0012418;HP:0000774;HP:0100679;HP:0003011;HP:0000238;HP:0004933;HP:0001704;HP:0004970;HP:0005280;HP:0005180;HP:0000311;HP:0000343;HP:0002308;HP:0001537;HP:0002643;HP:0000023;HP:0001659;HP:0009901;HP:0004950;HP:0000319;HP:0010511;HP:0000822;HP:0001562;HP:0000490;HP:0009125;HP:0000974;HP:0002753;HP:0012499;HP:0002104;HP:0000508;HP:0000692;HP:0006482;HP:0001270;HP:0002751;HP:0000921;HP:0000316;HP:0030053;HP:0000028;HP:0001156;HP:0012771;HP:0100490;HP:0000768;HP:0100543;HP:0000303;HP:0001363;HP:0001519;HP:0000494;HP:0000527;HP:0001169;HP:0009768;HP:0001773;HP:0000218;HP:0000978;HP:0000407;HP:0040083;HP:0011800;HP:0007676;HP:0000762;HP:0012763;HP:0000347;HP:0030961;HP:0001640;HP:0005162;HP:0005930;HP:0001249;HP:0000506;HP:0000639;HP:0003510;HP:0001376;HP:0000278;HP:0002682;HP:0005692;HP:0002816;HP:0012759;HP:0002140;HP:0000189;HP:0000405;HP:0001609;HP:0000938;HP:0000944;HP:0011003;HP:0000248;HP:0000766;HP:0003088;HP:0002750;HP:0000358;HP:0003116;HP:0001634;HP:0001382;HP:0000885;HP:0100775;HP:0000965;HP:0001508;HP:0000293;HP:0002857;HP:0025586;HP:0003758;HP:0000646;HP:0002650;HP:0010318;HP:0000006;HP:0000426;HP:0001482;HP:0000276;HP:0001647;HP:0000256;HP:0000520;HP:0000565;HP:0003302;HP:0001642;HP:0009803;HP:0000525;HP:0006487;HP:0008065;HP:0001387;HP:0002107;HP:0001252;HP:0002823;HP:0000431;HP:0009918;HP:0000219;HP:0002705;HP:0003300;HP:0004944;HP:0000594;HP:0002020;HP:0000951;HP:0001297;HP:0002092;HP:0012163;HP:0002875;HP:0001677;HP:0008132;HP:0002007;HP:0000541;HP:0004927;HP:0001511;HP:0004959;HP:0003416;HP:0000678;HP:0004942;HP:0000787;HP:0002093;HP:0000252;HP:0002138;HP:0000618;HP:0001643;HP:0000973;HP:0001256;HP:0003042;HP:0002938;HP:0000592,Heart/Cardiovasculature/Lymphatic,8941093;12203992;7762551;8941093;9326947;12598898;15254584,Cardiac,"ACMICD;ECTOL1, FBN, GPHYSD2, MASS, MFLS, MFS1, OCTD, SGS, SSKS, WMS, WMS2",3603,2020-06-23T09:22:28Z
FHL1,300163,"EMERY-DREIFUSS MUSCULAR DYSTROPHY 6, X-LINKED, MYOPATHY, X-LINKED, WITH POSTURAL MUSCLE ATROPHY",300696,confirmed,hemizygous,uncertain,HP:0001653;HP:0003236;HP:0001371;HP:0001605;HP:0003678;HP:0009473;HP:0008064;HP:0009042;HP:0000445;HP:0001419;HP:0003141;HP:0001678;HP:0011807;HP:0003581;HP:0008075;HP:0003198;HP:0001374;HP:0001714;HP:0002747;HP:0000336;HP:0001265;HP:0009125;HP:0001513;HP:0002996;HP:0001644;HP:0000494;HP:0001639;HP:0000278;HP:0001822;HP:0003307;HP:0008956;HP:0006785;HP:0030117;HP:0009027;HP:0005115;HP:0008948;HP:0002355;HP:0003704;HP:0002808;HP:0000339;HP:0000912;HP:0002093;HP:0005155;HP:0001288;HP:0003691;HP:0001315;HP:0000470;HP:0003202;HP:0001836;HP:0001417;HP:0008997;HP:0009054;HP:0001252;HP:0001638;HP:0003458;HP:0002359;HP:0001387;HP:0004631;HP:0011675;HP:0003557;HP:0000244;HP:0002155;HP:0008141;HP:0003306;HP:0002987;HP:0000369;HP:0000508;HP:0001169;HP:0008994;HP:0003701;HP:0040083;HP:0001645;HP:0000232;HP:0000358;HP:0000448;HP:0001284;HP:0002650;HP:0003715;HP:0000664;HP:0001423;HP:0001249;HP:0003676;HP:0007340;HP:0002515;HP:0003376;HP:0001608;HP:0001771;HP:0003805;HP:0000767;HP:0001821;HP:0003418;HP:0002486,Heart/Cardiovasculature/Lymphatic,20186852,Cardiac,"FCMSU;FHL-1, FHL1A, FHL1B, FLH1A, KYOT, RBMX1A, RBMX1B, SLIM, SLIM-1, SLIM1, SLIMMER, XMPMA",3702,2020-06-23T09:22:28Z
FLNC,102565,"MYOPATHY, MYOFIBRILLAR, 5",609524,confirmed,monoallelic,uncertain,HP:0001265;HP:0002015;HP:0030319;HP:0001635;HP:0003551;HP:0009053;HP:0003555;HP:0000759;HP:0001653;HP:0002747;HP:0031295;HP:0002094;HP:0012515;HP:0002515;HP:0003677;HP:0003715;HP:0001626;HP:0030200;HP:0008180;HP:0001430;HP:0001638;HP:0009027;HP:0002600;HP:0100303;HP:0003198;HP:0003202;HP:0031177;HP:0008994;HP:0002355;HP:0005110;HP:0007149;HP:0002093;HP:0008954;HP:0003474;HP:0002540;HP:0003701;HP:0003738;HP:0006389;HP:0009046;HP:0008959;HP:0001324;HP:0000006;HP:0002141;HP:0006135;HP:0008944;HP:0003236;HP:0003581,Heart/Cardiovasculature/Lymphatic,NA,Cardiac,"ABP-280;ABP280A, ABPA, ABPL, CMH26, FLN2, MFM5, MPD4, RCM5",3756,2020-06-23T09:22:28Z
FXN,606829,FRIEDREICH ATAXIA 1,229300,confirmed,biallelic,uncertain,HP:0000649;HP:0002070;HP:0000570;HP:0002546;HP:0002495;HP:0000365;HP:0010831;HP:0001260;HP:0003487;HP:0001760;HP:0002522;HP:0003116;HP:0001639;HP:0003431;HP:0001324;HP:0002072;HP:0003232;HP:0003448;HP:0001123;HP:0002015;HP:0003621;HP:0007010;HP:0001257;HP:0009130;HP:0001635;HP:0001251;HP:0000819;HP:0010873;HP:0003115;HP:0001638;HP:0002066;HP:0002141;HP:0007663;HP:0000648;HP:0001761;HP:0003209;HP:0030183;HP:0002080;HP:0002527;HP:0001332;HP:0001310;HP:0002650;HP:0007078;HP:0002839;HP:0000505;HP:0002540;HP:0000763;HP:0000007;HP:0000639;HP:0003390,Heart/Cardiovasculature/Lymphatic,8596916;11030757;8841185;9266741;21531789;11175786;11714098,Cardiac,"CyaY;FA, FARR, FRDA, X25",3951,2020-06-23T09:22:28Z
GAA,606800,"GLYCOGEN STORAGE DISEASE II, Pompe disease",232300,confirmed,biallelic,uncertain,HP:0000158;HP:0000365;HP:0003701;HP:0001945;HP:0000007;HP:0002205;HP:0004944;HP:0011400;HP:0003236;HP:0002093;HP:0001744;HP:0001284;HP:0005165;HP:0001252;HP:0001640;HP:0001716;HP:0002094;HP:0002240;HP:0006597;HP:0001324;HP:0001290;HP:0002747;HP:0003725,Heart/Cardiovasculature/Lymphatic,17056254;7981676;8094613;20882352;14643388;7717400;19588081;9535769;4286143;3108320;10973860;21484825;1856189;9668092;16860134;11991748,Cardiac,LYAG,4065,2020-06-23T09:22:28Z
GLA,300644,"FABRY DISEASE, CARDIAC VARIANT",301500,confirmed,X-linked dominant,uncertain,HP:0000962;HP:0002823;HP:0011675;HP:0000083;HP:0000524;HP:0004306;HP:0000100;HP:0002097;HP:0000407;HP:0005144;HP:0001419;HP:0012702;HP:0000966;HP:0100543;HP:0002376;HP:0001646;HP:0002380;HP:0000280;HP:0004349;HP:0000739;HP:0006536;HP:0000518;HP:0001678;HP:0000716;HP:0002094;HP:0003394;HP:0007957;HP:0100579;HP:0001014;HP:0001131;HP:0001004;HP:0002014;HP:0003077;HP:0000790;HP:0004322;HP:0000708;HP:0012332;HP:0002321;HP:0002326;HP:0000112;HP:0000873;HP:0003119;HP:0000179;HP:0000365;HP:0001903;HP:0002013;HP:0001637;HP:0002829;HP:0001653;HP:0100820;HP:0000823;HP:0001945;HP:0000091;HP:0000093;HP:0001635;HP:0001369;HP:0002571;HP:0000648;HP:0100585;HP:0002024;HP:0006510;HP:0011710;HP:0002039;HP:0003621;HP:0003326;HP:0001639;HP:0002093;HP:0001482;HP:0001681;HP:0002027;HP:0001155;HP:0001250;HP:0001712;HP:0002018;HP:0012378;HP:0003401;HP:0001658;HP:0002017;HP:0000822,Heart/Cardiovasculature/Lymphatic,18205205;10666480;2539398;6020428;9122231;24094090;26937390,Cardiac,GALA,4296,2020-06-23T09:22:28Z
HRAS,190020,COSTELLO SYNDROME,218040,confirmed,monoallelic,uncertain,HP:0007477;HP:0000238;HP:0002757;HP:0000232;HP:0000568;HP:0012081;HP:0002878;HP:0000324;HP:0001531;HP:0000682;HP:0000337;HP:0000962;HP:0005600;HP:0000956;HP:0012056;HP:0004322;HP:0000085;HP:0001762;HP:0000286;HP:0002007;HP:0009465;HP:0008872;HP:0011220;HP:0000474;HP:0000369;HP:0009748;HP:0000028;HP:0000316;HP:0000293;HP:0000083;HP:0002059;HP:0006191;HP:0000343;HP:0100729;HP:0000358;HP:0001428;HP:0002107;HP:0001548;HP:0001609;HP:0006482;HP:0010759;HP:0000179;HP:0001231;HP:0001642;HP:0001622;HP:0001252;HP:0000995;HP:0000508;HP:0001263;HP:0007957;HP:0000260;HP:0001250;HP:0000612;HP:0001596;HP:0009720;HP:0005692;HP:0000269;HP:0000589;HP:0000602;HP:0005989;HP:0011073;HP:0000504;HP:0010817;HP:0000768;HP:0002093;HP:0002119;HP:0000455;HP:0002751;HP:0002862;HP:0002816;HP:0001561;HP:0002021;HP:0001939;HP:0007400;HP:0001582;HP:0000463;HP:0001771;HP:0000470;HP:0001629;HP:0006731;HP:0002132;HP:0010815;HP:0000629;HP:0031842;HP:0001510;HP:0000347;HP:0000307;HP:0000368;HP:0001869;HP:0025510;HP:0002224;HP:0007370;HP:0000194;HP:0001552;HP:0001631;HP:0004422;HP:0001680;HP:0000506;HP:0001187;HP:0012740;HP:0001249;HP:0000951;HP:0001048;HP:0001528;HP:0002120;HP:0000465;HP:0001808;HP:0001943;HP:0000938;HP:0001347;HP:0000256;HP:0001357;HP:0002353;HP:0002020;HP:0002859;HP:0003109;HP:0003422;HP:0011675;HP:0000006;HP:0002002;HP:0007360;HP:0000164;HP:0100555;HP:0100679;HP:0001010;HP:0000486;HP:0008064;HP:0000418;HP:0009588;HP:0005280;HP:0000494;HP:0002671;HP:0002779;HP:0000311;HP:0007206;HP:0001814;HP:0003577;HP:0001315;HP:0001634;HP:0001305;HP:0006740;HP:0001442;HP:0000218;HP:0001639;HP:0002870;HP:0002780;HP:0000267;HP:0004690;HP:0002514;HP:0003745;HP:0000189;HP:0001699;HP:0001508;HP:0000826;HP:0001167;HP:0001598;HP:0000478;HP:0001595;HP:0003196;HP:0003764;HP:0001028;HP:0001800;HP:0002033;HP:0000953;HP:0004912;HP:0007099;HP:0008070;HP:0001816;HP:0000280;HP:0001054;HP:0000158;HP:0001780;HP:0007440;HP:0000563;HP:0002212;HP:0002996;HP:0040198;HP:0002750,Heart/Cardiovasculature/Lymphatic,26888048;25677562;25914166;23335589;22495892;25367099;17979197;23875798;19995790;19035362;21850009;24057668,Cardiac,"C-BAS/HAS;C-H-RAS, C-HA-RAS1, CTLO, H-RASIDX, HAMSV, HRAS1, KRAS, KRAS2, Ki-Ras, RASH1, RASK2, c-K-ras, c-Ki-ras, p21ras",5173,2020-06-23T09:22:28Z
KCNH2,152427,LONG QT SYNDROME 2,613688,confirmed,monoallelic,uncertain,HP:0001662;HP:0001664;HP:0012232;HP:0001425;HP:0000006;HP:0001645;HP:0001962;HP:0001695;HP:0004308;HP:0001279;HP:0001663;HP:0005110;HP:0001657;HP:0001678,Heart/Cardiovasculature/Lymphatic,7736582;9012748;10753933;19070294;10973849;12612061;15840476;15760896;16432067;18551196;20850565;19841300;21240260;21109023;21536673;21458413;23997099;23303164;24213244;24606995;28433559,Cardiac,"ERG-1;ERG1, H-ERG, HERG, HERG1, Kv11.1, LQT2, SQT1",6251,2020-06-23T09:22:28Z
KCNQ1,607542,LONG QT SYNDROME 1,192500,confirmed,monoallelic,uncertain,HP:0001548;HP:0001727;HP:0008523;HP:0003247;HP:0001297;HP:0006277;HP:0001662;HP:0002884;HP:0001539;HP:0000803;HP:0000150;HP:0005616;HP:0000239;HP:0000269;HP:0000105;HP:0002667;HP:0001664;HP:0005110;HP:0001649;HP:0000158;HP:0000787;HP:0001279;HP:0001645;HP:0001638;HP:0000007;HP:0001052;HP:0008186;HP:0001528;HP:0000598;HP:0000076;HP:0000006;HP:0001998;HP:0001305;HP:0001657;HP:0011800;HP:0001425;HP:0001663;HP:0001678;HP:0005487;HP:0000121;HP:0000280;HP:0002240;HP:0008527;HP:0001540;HP:0001962;HP:0004308;HP:0006744;HP:0000028;HP:0000364;HP:0001640;HP:0012232;HP:0000520,Heart/Cardiovasculature/Lymphatic,8528244;8872472;8900283;9108097;9323054;9312006;10220144;11216980;15358555;15498462;15950200;16246960;17655673;17360457;18464931;19841300;25520292;20421371;22739119;22095730;25139741;25889101,Cardiac,"ATFB1, ATFB3, JLNS1, KCNA8, KCNA9, KVLQT1, Kv1.9, Kv7.1, LQT, LQT1, RWS, SQT2, WRS",6294,2020-06-23T09:22:28Z
KRAS,190070,NOONAN SYNDROME 3,609942,confirmed,monoallelic,uncertain,HP:0000938;HP:0001274;HP:0004389;HP:0008749;HP:0002223;HP:0000768;HP:0000737;HP:0001263;HP:0002254;HP:0000316;HP:0003006;HP:0100576;HP:0005280;HP:0025318;HP:0100592;HP:0001878;HP:0000486;HP:0008065;HP:0002664;HP:0100660;HP:0002217;HP:0002967;HP:0002652;HP:0001824;HP:0002300;HP:0001909;HP:0002019;HP:0007360;HP:0002357;HP:0003401;HP:0000974;HP:0012378;HP:0100555;HP:0000358;HP:0000238;HP:0003196;HP:0002213;HP:0000006;HP:0011800;HP:0001425;HP:0000256;HP:0011073;HP:0001140;HP:0001641;HP:0004912;HP:0007370;HP:0000293;HP:0005249;HP:0010622;HP:0001276;HP:0001260;HP:0007018;HP:0000085;HP:0000767;HP:0001642;HP:0004415;HP:0000598;HP:0002086;HP:0000506;HP:0000014;HP:0004422;HP:0012745;HP:0000568;HP:0410067;HP:0012432;HP:0000280;HP:0000218;HP:0005523;HP:0007392;HP:0001357;HP:0001428;HP:0000348;HP:0002408;HP:0008064;HP:0001028;HP:0003418;HP:0007565;HP:0000268;HP:0011611;HP:0000708;HP:0003764;HP:0007957;HP:0100625;HP:0001876;HP:0002960;HP:0006725;HP:0008070;HP:0030680;HP:0001679;HP:0200102;HP:0002251;HP:0005281;HP:0002353;HP:0002017;HP:0001704;HP:0001548;HP:0012157;HP:0001052;HP:0002059;HP:0000325;HP:0002240;HP:0002120;HP:0009720;HP:0001780;HP:0000176;HP:0002162;HP:0006482;HP:0012209;HP:0002797;HP:0000269;HP:0000470;HP:0000639;HP:0000039;HP:0030799;HP:0002861;HP:0004493;HP:0000324;HP:0002212;HP:0009891;HP:0003477;HP:0002974;HP:0100835;HP:0000581;HP:0000179;HP:0000204;HP:0002763;HP:0006191;HP:0002893;HP:0002167;HP:0001288;HP:0001167;HP:0000929;HP:0100743;HP:0012062;HP:0001510;HP:0000520;HP:0001596;HP:0000400;HP:0000952;HP:0000502;HP:0001482;HP:0000175;HP:0001561;HP:0001305;HP:0001631;HP:0000474;HP:0002997;HP:0001347;HP:0100840;HP:0001743;HP:0006740;HP:0004374;HP:0000504;HP:0000044;HP:0001528;HP:0009125;HP:0005692;HP:0000126;HP:0000347;HP:0000612;HP:0003002;HP:0001048;HP:0040188;HP:0001680;HP:0002205;HP:0002729;HP:0002650;HP:0000337;HP:0001973;HP:0002299;HP:0000982;HP:0001250;HP:0000407;HP:0001626;HP:0011968;HP:0002063;HP:0001875;HP:0000267;HP:0100031;HP:0002039;HP:0002376;HP:0008391;HP:0001003;HP:0001634;HP:0002894;HP:0012334;HP:0000028;HP:0000505;HP:0002027;HP:0006610;HP:0002092;HP:0002757;HP:0003422;HP:0010669;HP:0000508;HP:0000991;HP:0001123;HP:0100615;HP:0001643;HP:0100761;HP:0001508;HP:0002514;HP:0000602;HP:0001999;HP:0000637;HP:0012311;HP:0100763;HP:0003552;HP:0011869;HP:0001402;HP:0002719;HP:0003470;HP:0001639;HP:0000465;HP:0002516;HP:0000716;HP:0000995;HP:0002731;HP:0002750;HP:0010815;HP:0002816;HP:0002896;HP:0001331;HP:0003109;HP:0001442;HP:0001531;HP:0000036;HP:0000625;HP:0002445;HP:0000007;HP:0001257;HP:0008872;HP:0001269;HP:0007440;HP:0007400;HP:0010318;HP:0001522;HP:0007477;HP:0010529;HP:0002910;HP:0004279;HP:0012174;HP:0000365;HP:0001582;HP:0002751;HP:0001156;HP:0000739;HP:0012719;HP:0100827;HP:0001004;HP:0002665;HP:0002582;HP:0012639;HP:0000819;HP:0001315;HP:0000494;HP:0011024;HP:0001744;HP:0002301;HP:0010817;HP:0001324;HP:0002132;HP:0000488;HP:0001738;HP:0000943;HP:0011362;HP:0002671;HP:0000738;HP:0002007;HP:0100613;HP:0000078;HP:0005306;HP:0004396;HP:0001892;HP:0000826;HP:0007206;HP:0200008;HP:0011675;HP:0010786;HP:0001249;HP:0000478;HP:0000545;HP:0010702;HP:0002076;HP:0000271;HP:0001012;HP:0000369;HP:0001252;HP:0000589;HP:0004322;HP:0004442;HP:0003003;HP:0000276;HP:0010526;HP:0004808;HP:0002354;HP:0000047;HP:0003745;HP:0000391;HP:0000958;HP:0007256;HP:0000499;HP:0010524;HP:0001928;HP:0011381;HP:0000069;HP:0004209;HP:0001010;HP:0002024;HP:0000368;HP:0002208;HP:0012759;HP:0001654;HP:0002119;HP:0000476;HP:0000962;HP:0000343;HP:0001629;HP:0002239;HP:0001371;HP:0100571;HP:0011995;HP:0001622;HP:0000648;HP:0002381;HP:0000614;HP:0000286;HP:0001433;HP:0001650;HP:0002716;HP:0002857;HP:0006519;HP:0000492;HP:0000463;HP:0012126,Heart/Cardiovasculature/Lymphatic,16474405;16773572;19396835;24382853;23875798;17875937;22302539;25359213,Cardiac,"C-K-RAS, CFC2, K-RAS2A, K-RAS2B, K-RAS4A, K-RAS4B, K-Ras, KI-RAS, KRAS1, KRAS2, NS, NS3, RALD, RASK2, c-Ki-ras2",6407,2020-06-23T09:22:28Z
LAMP2,309060,DANON DISEASE,300257,confirmed,X-linked dominant,uncertain,HP:0000505;HP:0001700;HP:0001761;HP:0001640;HP:0003710;HP:0001716;HP:0002375;HP:0011675;HP:0003546;HP:0003236;HP:0003458;HP:0001263;HP:0001644;HP:0001685;HP:0001639;HP:0003700;HP:0006543;HP:0003701;HP:0100543;HP:0001288;HP:0010547;HP:0001249;HP:0001423,Heart/Cardiovasculature/Lymphatic,15253947;15673802;21896538;27532257;7488019;10448712;16604439;10972293,Cardiac,"CD107b, LAMP-2, LAMPB, LGP-96, LGP110",6501,2020-06-23T09:22:28Z
MAP2K1,176872,CARDIOFACIOCUTANEOUS SYNDROME 3,615279,confirmed,monoallelic,uncertain,HP:0002213;HP:0000028;HP:0001642;HP:0001249;HP:0003251;HP:0000478;HP:0006191;HP:0002120;HP:0000343;HP:0002167;HP:0001003;HP:0007440;HP:0010669;HP:0001643;HP:0002299;HP:0001531;HP:0000126;HP:0030680;HP:0002650;HP:0002007;HP:0008872;HP:0000154;HP:0001892;HP:0001654;HP:0008050;HP:0001250;HP:0000637;HP:0000639;HP:0000508;HP:0000974;HP:0008064;HP:0009891;HP:0000975;HP:0001263;HP:0009466;HP:0001639;HP:0001622;HP:0000135;HP:0000280;HP:0001631;HP:0001627;HP:0000256;HP:0000286;HP:0000958;HP:0030084;HP:0002353;HP:0100769;HP:0007565;HP:0000347;HP:0000325;HP:0000391;HP:0004349;HP:0000465;HP:0000316;HP:0001508;HP:0001680;HP:0001004;HP:0002705;HP:0000470;HP:0001156;HP:0001252;HP:0004859;HP:0000176;HP:0000545;HP:0008070;HP:0100840;HP:0002212;HP:0004422;HP:0000368;HP:0001048;HP:0001260;HP:0000767;HP:0000348;HP:0001425;HP:0002751;HP:0008391;HP:0001582;HP:0008897;HP:0040180;HP:0000238;HP:0005280;HP:0002857;HP:0000486;HP:0000915;HP:0000648;HP:0002664;HP:0000218;HP:0000407;HP:0002967;HP:0000400;HP:0000504;HP:0100697;HP:0000006;HP:0000293;HP:0002997;HP:0008357;HP:0012719;HP:0000917;HP:0007392;HP:0200102;HP:0002217;HP:0002046;HP:0001629;HP:0000463;HP:0000476;HP:0002162;HP:0000689;HP:0000914;HP:0000982;HP:0000276;HP:0004322;HP:0000925;HP:0003196;HP:0004841;HP:0000499;HP:0000494;HP:0000962;HP:0011024,Heart/Cardiovasculature/Lymphatic,16439621;19156172;23875798;18413255;17981815;25049390,Cardiac,"CFC3, MAPKK1, MEK1, MKK1, PRKMK1",6840,2020-06-23T09:22:28Z
MAP2K2,601263,CARDIOFACIOCUTANEOUS SYNDROME 4,615280,confirmed,monoallelic,uncertain,HP:0000765;HP:0000391;HP:0002015;HP:0008872;HP:0000276;HP:0001004;HP:0000293;HP:0000499;HP:0009023;HP:0002046;HP:0000504;HP:0001328;HP:0007392;HP:0000508;HP:0008391;HP:0000519;HP:0001249;HP:0001263;HP:0000470;HP:0002079;HP:0030680;HP:0003010;HP:0004322;HP:0002120;HP:0002299;HP:0002213;HP:0200102;HP:0004422;HP:0000975;HP:0001631;HP:0001582;HP:0002857;HP:0000494;HP:0000256;HP:0000982;HP:0000506;HP:0000478;HP:0000028;HP:0001003;HP:0000368;HP:0007440;HP:0008064;HP:0000463;HP:0000486;HP:0000280;HP:0000238;HP:0002162;HP:0100763;HP:0000400;HP:0001639;HP:0001642;HP:0000545;HP:0010669;HP:0009891;HP:0001531;HP:0000766;HP:0011039;HP:0000648;HP:0001654;HP:0002650;HP:0011024;HP:0000316;HP:0002007;HP:0002997;HP:0000286;HP:0001646;HP:0008070;HP:0007565;HP:0000958;HP:0000126;HP:0001260;HP:0030047;HP:0000974;HP:0010438;HP:0100840;HP:0003196;HP:0002167;HP:0005280;HP:0002967;HP:0000609;HP:0012719;HP:0000637;HP:0002353;HP:0000767;HP:0000639;HP:0001048;HP:0000465;HP:0001622;HP:0000271;HP:0000341;HP:0001321;HP:0000218;HP:0000343;HP:0000962;HP:0002223;HP:0000176;HP:0000348;HP:0002217;HP:0006191;HP:0001252,Heart/Cardiovasculature/Lymphatic,16439621;17366577;17704260;18456719;25487361;23875798;20518782;17981815;18413255,Cardiac,"CFC4, MAPKK2, MEK2, MKK2, PRKMK2",6842,2020-06-23T09:22:28Z
MYH11,160745,"AORTIC ANEURYSM FAMILIAL THORACIC, 4",132900,confirmed,monoallelic,uncertain,HP:0002017;HP:0002705;HP:0005162;HP:0002686;HP:0004950;HP:0012763;HP:0012499;HP:0100775;HP:0002566;HP:0100544;HP:0001763;HP:0001677;HP:0001539;HP:0000965;HP:0004944;HP:0000006;HP:0030680;HP:0002107;HP:0000023;HP:0002616;HP:0012180;HP:0011106;HP:0002650;HP:0000028;HP:0000525;HP:0002647;HP:0005112;HP:0001640;HP:0200146;HP:0001643;HP:0008034;HP:0000822;HP:0000316;HP:0100806;HP:0004959;HP:0003270;HP:0002140;HP:0002875;HP:0100771;HP:0000766;HP:0001297;HP:0012163;HP:0001561;HP:0001537;HP:0000003;HP:0002138;HP:0002326;HP:0000021;HP:0000072;HP:0001659;HP:0001522;HP:0001647;HP:0004942;HP:0002105;HP:0000098;HP:0003549;HP:0004933;HP:0100749;HP:0000978;HP:0001166;HP:0004388;HP:0000278;HP:0011024,Heart/Cardiovasculature/Lymphatic,17666408;21937134;22968129;23099432;27081537;16444274;15998682;17666408;16444274;22511748,Cardiac,"AAT4, FAA4, SMHC, SMMHC",7569,2020-06-23T09:22:28Z
MYH7,160760,"CARDIOMYOPATHY, HYPERTROPHIC, 1",192600,confirmed,monoallelic,all missense/in frame,HP:0001425;HP:0030091;HP:0005162;HP:0005110;HP:0010628;HP:0009054;HP:0011808;HP:0000602;HP:0001508;HP:0001680;HP:0000822;HP:0003198;HP:0008994;HP:0002877;HP:0011711;HP:0003700;HP:0002792;HP:0001315;HP:0001763;HP:0003457;HP:0011712;HP:0001761;HP:0003323;HP:0009055;HP:0001288;HP:0002421;HP:0000308;HP:0010505;HP:0004889;HP:0001626;HP:0003029;HP:0004306;HP:0030237;HP:0003547;HP:0001647;HP:0031108;HP:0011916;HP:0011675;HP:0001644;HP:0006510;HP:0000275;HP:0001667;HP:0003121;HP:0003445;HP:0003376;HP:0012378;HP:0002015;HP:0003674;HP:0030680;HP:0100297;HP:0003789;HP:0000006;HP:0008956;HP:0001374;HP:0009129;HP:0002938;HP:0001671;HP:0000276;HP:0003803;HP:0003701;HP:0001622;HP:0005991;HP:0000982;HP:0004420;HP:0003741;HP:0000508;HP:0003394;HP:0000303;HP:0009072;HP:0030148;HP:0003200;HP:0002515;HP:0004322;HP:0003707;HP:0004308;HP:0001430;HP:0001620;HP:0002111;HP:0009031;HP:0003324;HP:0000467;HP:0006467;HP:0002460;HP:0003484;HP:0003828;HP:0011968;HP:0003593;HP:0001385;HP:0001643;HP:0002355;HP:0001283;HP:0030319;HP:0003677;HP:0003307;HP:0001645;HP:0008180;HP:0001319;HP:0003805;HP:0001874;HP:0005180;HP:0003236;HP:0006251;HP:0000407;HP:0003697;HP:0001708;HP:0009058;HP:0030664;HP:0003327;HP:0030682;HP:0003555;HP:0011575;HP:0001634;HP:0003557;HP:0032341;HP:0001436;HP:0003704;HP:0003577;HP:0012507;HP:0000218;HP:0003458;HP:0008800;HP:0003306;HP:0001612;HP:0008316;HP:0003687;HP:0002747;HP:0002093;HP:0001249;HP:0002828;HP:0009053;HP:0002058;HP:0008963;HP:0003755;HP:0100578;HP:0001631;HP:0004696;HP:0004971;HP:0003724;HP:0001558;HP:0003691;HP:0002194;HP:0003326;HP:0011463;HP:0001635;HP:0009027;HP:0009077;HP:0002650;HP:0001290;HP:0001639;HP:0002637;HP:0100295;HP:0000007;HP:0100749;HP:0010316,Heart/Cardiovasculature/Lymphatic,1430197;25189259;1975517;2144212;1944483;1552912;15856146;1944483;2144212;1975517;27532257;23798412;1634614;23290139;25209314;8614836,Cardiac,"CMD1S, CMH1, MPD1, MYHCB, SPMD, SPMM",7577,2020-06-23T09:22:28Z
MYL3,160790,"CARDIOMYOPATHY, HYPERTROPHIC, 8",608751,confirmed,monoallelic,all missense/in frame,HP:0001645;HP:0000006;HP:0001962;HP:0002875;HP:0010872;HP:0001723;HP:0031295;HP:0000007;HP:0001695;HP:0001635;HP:0001663;HP:0001712;HP:0001639;HP:0006685,Heart/Cardiovasculature/Lymphatic,8673105;16267253;18409188;26443374;25611685;11174330;12707239;21239446;23426552;26779504;27483260;19035361;25086479;18403758;27532257;21262909;16675844;8417110;9927691,Cardiac,"CMH8, MLC-lV/sb, MLC1SB, MLC1V, VLC1, VLCl",7584,2020-06-23T09:22:28Z
MYLK,600922,"AORTIC ANEURYSM FAMILIAL THORACIC, 7",613780,confirmed,monoallelic,loss of function,HP:0004933;HP:0030680;HP:0003549;HP:0001643;HP:0000766;HP:0001640;HP:0002326;HP:0002107;HP:0000278;HP:0200146;HP:0004388;HP:0001677;HP:0000072;HP:0001297;HP:0000822;HP:0002875;HP:0001166;HP:0000003;HP:0000965;HP:0001539;HP:0002705;HP:0005162;HP:0000978;HP:0002017;HP:0002686;HP:0000006;HP:0100544;HP:0004942;HP:0100771;HP:0003270;HP:0002566;HP:0002616;HP:0000098;HP:0011024;HP:0002138;HP:0004959;HP:0011106;HP:0004944;HP:0012499;HP:0001537;HP:0012163;HP:0100775;HP:0002650;HP:0012763;HP:0001522;HP:0100749;HP:0001561;HP:0100806;HP:0001647;HP:0002140;HP:0000525;HP:0002105;HP:0000021;HP:0004950;HP:0001659;HP:0000028;HP:0000316;HP:0002647;HP:0005112;HP:0000023;HP:0001763,Heart/Cardiovasculature/Lymphatic,21055718;26188975;25907466;23362260;23482558;26703474,Cardiac,"AAT7, KRP, MLCK, MLCK1, MLCK108, MLCK210, MSTP083, MYLK1, smMLCK",7590,2020-06-23T09:22:28Z
MYO6,600970,"DEAFNESS, AUTOSOMAL DOMINANT 22, WITH HYPERTROPHIC CARDIOMYOPATHY, LVH+",606346,confirmed,monoallelic,uncertain,HP:0000006;HP:0000007;HP:0000407;HP:0001751;HP:0000408;HP:0007642;HP:0000510;HP:0008619,Heart/Cardiovasculature/Lymphatic,25999546;25227905;18348273;11468689;19417007;17204383;27171474,Cardiac,"DFNA22, DFNB37",7605,2020-06-23T09:22:28Z
NRAS,164790,NOONAN SYNDROME 6,613224,confirmed,monoallelic,uncertain,HP:0001357;HP:0000347;HP:0100763;HP:0011675;HP:0000267;HP:0000476;HP:0001000;HP:0001195;HP:0004912;HP:0001876;HP:0000639;HP:0004523;HP:0001522;HP:0100625;HP:0002162;HP:0000465;HP:0011220;HP:0000369;HP:0040198;HP:0007360;HP:0011869;HP:0002205;HP:0003577;HP:0025510;HP:0000232;HP:0002751;HP:0002816;HP:0001596;HP:0002750;HP:0001780;HP:0002861;HP:0012056;HP:0000324;HP:0001642;HP:0003196;HP:0002858;HP:0006753;HP:0002353;HP:0000602;HP:0004415;HP:0010318;HP:0000238;HP:0001250;HP:0003764;HP:0006610;HP:0000269;HP:0000455;HP:0003109;HP:0002671;HP:0006731;HP:0002731;HP:0002665;HP:0002514;HP:0001442;HP:0000768;HP:0001167;HP:0001482;HP:0003745;HP:0002002;HP:0001909;HP:0000463;HP:0006716;HP:0001639;HP:0100827;HP:0000078;HP:0000568;HP:0001973;HP:0000957;HP:0001156;HP:0000589;HP:0030680;HP:0010817;HP:0011073;HP:0001428;HP:0008872;HP:0002974;HP:0002891;HP:0002719;HP:0007957;HP:0000343;HP:0000938;HP:0002757;HP:0000311;HP:0000179;HP:0000286;HP:0000629;HP:0001561;HP:0000508;HP:0002007;HP:0005584;HP:0008064;HP:0000767;HP:0003422;HP:0001028;HP:0000545;HP:0001305;HP:0008070;HP:0012209;HP:0002167;HP:0000293;HP:0000085;HP:0006740;HP:0000750;HP:0009720;HP:0001939;HP:0001260;HP:0001743;HP:0001290;HP:0001744;HP:0001315;HP:0000969;HP:0010702;HP:0000826;HP:0001048;HP:0000995;HP:0007370;HP:0000391;HP:0001004;HP:0000256;HP:0001892;HP:0002240;HP:0001324;HP:0002230;HP:0000478;HP:0010815;HP:0001054;HP:0004422;HP:0000028;HP:0002208;HP:0012311;HP:0000520;HP:0000494;HP:0000612;HP:0000474;HP:0000044;HP:0002650;HP:0011800;HP:0002132;HP:0003396;HP:0000407;HP:0000431;HP:0000337;HP:0000418;HP:0001555;HP:0001263;HP:0007477;HP:0001249;HP:0001252;HP:0007400;HP:0001548;HP:0005600;HP:0006482;HP:0001878;HP:0008069;HP:0000504;HP:0011381;HP:0000316;HP:0000506;HP:0001510;HP:0005603;HP:0001641;HP:0000486;HP:0002212;HP:0000325;HP:0002729;HP:0100242;HP:0002960;HP:0010759;HP:0005280;HP:0000348;HP:0001528;HP:0001053;HP:0004322;HP:0002119;HP:0001928;HP:0001256;HP:0007206;HP:0002664;HP:0001875;HP:0001680;HP:0000218;HP:0001268;HP:0011362;HP:0002859;HP:0032152;HP:0005692;HP:0005523;HP:0000006;HP:0000194;HP:0000989;HP:0001270;HP:0001347;HP:0001010;HP:0100555;HP:0004209;HP:0200022;HP:0006824;HP:0100702;HP:0000368;HP:0000962,Heart/Cardiovasculature/Lymphatic,19966803;21263000;22855653;28594414;23875798;21263000,Cardiac,"ALPS4, CMNS, N-ras, NCMS, NRAS1, NS6",7989,2020-06-23T09:22:28Z
PLN,172405,"CARDIOMYOPATHY, FAMILIAL HYPERTROPHIC, 18",613874,confirmed,monoallelic,uncertain,HP:0005110;HP:0004308;HP:0001712;HP:0000982;HP:0001638;HP:0001644;HP:0000407;HP:0003198;HP:0003457;HP:0003236;HP:0100749;HP:0001874;HP:0001635;HP:0000006;HP:0006673;HP:0100578,Heart/Cardiovasculature/Lymphatic,12705874;12639993;17655857;21167350;17010801;22820313;12610310;22137083;16432188;27532257;8428955;10198197;7641356;11171800;8567978;8062415;9468536;17882530,Cardiac,"CMD1P, CMH18, PLB",9080,2020-06-23T09:22:28Z
PRKAG2,602743,"CARDIOMYOPATHY, HYPERTROPHIC, 6",600858,confirmed,monoallelic,uncertain,HP:0000006;HP:0001638;HP:0005165;HP:0000961;HP:0001635;HP:0001662;HP:0000158;HP:0001297;HP:0002615;HP:0001425;HP:0031318;HP:0003198;HP:0005110;HP:0001962;HP:0006677;HP:0011713;HP:0001640;HP:0200128;HP:0001999;HP:0001678;HP:0100598;HP:0004309;HP:0001541;HP:0001645;HP:0006684;HP:0004757;HP:0001250;HP:0001688;HP:0001716;HP:0001639;HP:0001998;HP:0001670;HP:0004763;HP:0000007,Heart/Cardiovasculature/Lymphatic,23741347;11371514;11827995;19787389;16487706;18403758;15673802;7657794;27532257;28009297;20005292;11112354;12782567;15611370;16339829,Cardiac,"AAKG, AAKG2, CMH6, H91620p, WPWS",9386,2020-06-23T09:22:28Z
PTPN11,176876,LEOPARD SYNDROME 1,151100,confirmed,monoallelic,uncertain,HP:0002240;HP:0000914;HP:0001680;HP:0002617;HP:0001367;HP:0100625;HP:0012569;HP:0000078;HP:0001642;HP:0000144;HP:0001531;HP:0000974;HP:0001643;HP:0010318;HP:0005692;HP:0001633;HP:0000457;HP:0000054;HP:0000431;HP:0007392;HP:0003691;HP:0030084;HP:0000242;HP:0000391;HP:0001252;HP:0000135;HP:0000486;HP:0100777;HP:0002653;HP:0000348;HP:0000768;HP:0000369;HP:0000925;HP:0002208;HP:0001156;HP:0000474;HP:0000520;HP:0000823;HP:0000358;HP:0000407;HP:0001428;HP:0011362;HP:0001425;HP:0004306;HP:0001682;HP:0100697;HP:0001263;HP:0005701;HP:0000767;HP:0000006;HP:0000921;HP:0002167;HP:0002650;HP:0002996;HP:0001928;HP:0002861;HP:0001639;HP:0008724;HP:0000470;HP:0001249;HP:0001743;HP:0001641;HP:0002162;HP:0000494;HP:0000689;HP:0004415;HP:0000179;HP:0000271;HP:0000465;HP:0003251;HP:0000411;HP:0002974;HP:0002967;HP:0008897;HP:0000915;HP:0001629;HP:0001631;HP:0000028;HP:0003298;HP:0000368;HP:0000508;HP:0000912;HP:0100763;HP:0006610;HP:0001634;HP:0008872;HP:0006824;HP:0006695;HP:0100542;HP:0002750;HP:0001256;HP:0100769;HP:0000944;HP:0001511;HP:0008625;HP:0001260;HP:0000286;HP:0001003;HP:0000639;HP:0004859;HP:0000303;HP:0004841;HP:0012209;HP:0004322;HP:0004409;HP:0011381;HP:0011869;HP:0000047;HP:0000175;HP:0009466;HP:0001482;HP:0000917;HP:0000545;HP:0011675;HP:0000347;HP:0011710;HP:0000248;HP:0003006;HP:0000218;HP:0002705;HP:0002863;HP:0010463;HP:0001658;HP:0000316;HP:0001608;HP:0000995;HP:0001709;HP:0004209;HP:0004414;HP:0000325;HP:0001004;HP:0000957;HP:0006487;HP:0007477;HP:0002664;HP:0010885;HP:0000476;HP:0001892;HP:0030680;HP:0000122;HP:0001510;HP:0005655;HP:0008357;HP:0002751;HP:0001480;HP:0011800;HP:0005930;HP:0000044;HP:0001324,Heart/Cardiovasculature/Lymphatic,15121796;25917897;12058348;26952712;19864201;21747628;23875798;20308328;16638574;21339643;20493809,Cardiac,"BPTP3;CFC, JMML, METCDS, NS1, PTP-1D, PTP2C, SH-PTP2, SH-PTP3, SHP2",9644,2020-06-23T09:22:28Z
PTPN11,176876,LEOPARD SYNDROME 1,151100,confirmed,monoallelic,uncertain,HP:0002240;HP:0000914;HP:0001680;HP:0002617;HP:0001367;HP:0100625;HP:0012569;HP:0000078;HP:0001642;HP:0000144;HP:0001531;HP:0000974;HP:0001643;HP:0010318;HP:0005692;HP:0001633;HP:0000457;HP:0000054;HP:0000431;HP:0007392;HP:0003691;HP:0030084;HP:0000242;HP:0000391;HP:0001252;HP:0000135;HP:0000486;HP:0100777;HP:0002653;HP:0000348;HP:0000768;HP:0000369;HP:0000925;HP:0002208;HP:0001156;HP:0000474;HP:0000520;HP:0000823;HP:0000358;HP:0000407;HP:0001428;HP:0011362;HP:0001425;HP:0004306;HP:0001682;HP:0100697;HP:0001263;HP:0005701;HP:0000767;HP:0000006;HP:0000921;HP:0002167;HP:0002650;HP:0002996;HP:0001928;HP:0002861;HP:0001639;HP:0008724;HP:0000470;HP:0001249;HP:0001743;HP:0001641;HP:0002162;HP:0000494;HP:0000689;HP:0004415;HP:0000179;HP:0000271;HP:0000465;HP:0003251;HP:0000411;HP:0002974;HP:0002967;HP:0008897;HP:0000915;HP:0001629;HP:0001631;HP:0000028;HP:0003298;HP:0000368;HP:0000508;HP:0000912;HP:0100763;HP:0006610;HP:0001634;HP:0008872;HP:0006824;HP:0006695;HP:0100542;HP:0002750;HP:0001256;HP:0100769;HP:0000944;HP:0001511;HP:0008625;HP:0001260;HP:0000286;HP:0001003;HP:0000639;HP:0004859;HP:0000303;HP:0004841;HP:0012209;HP:0004322;HP:0004409;HP:0011381;HP:0011869;HP:0000047;HP:0000175;HP:0009466;HP:0001482;HP:0000917;HP:0000545;HP:0011675;HP:0000347;HP:0011710;HP:0000248;HP:0003006;HP:0000218;HP:0002705;HP:0002863;HP:0010463;HP:0001658;HP:0000316;HP:0001608;HP:0000995;HP:0001709;HP:0004209;HP:0004414;HP:0000325;HP:0001004;HP:0000957;HP:0006487;HP:0007477;HP:0002664;HP:0010885;HP:0000476;HP:0001892;HP:0030680;HP:0000122;HP:0001510;HP:0005655;HP:0008357;HP:0002751;HP:0001480;HP:0011800;HP:0005930;HP:0000044;HP:0001324,Heart/Cardiovasculature/Lymphatic,23446178;26817465;11704759;12529711;19795160;25804457;20718194;23875798;28074573;16358218;24736444;15273746;16399795,Cardiac,"BPTP3;CFC, JMML, METCDS, NS1, PTP-1D, PTP2C, SH-PTP2, SH-PTP3, SHP2",9644,2020-06-23T09:22:28Z
PTPN11,176876,NOONAN SYNDROME 1,63950,confirmed,monoallelic,uncertain,HP:0002240;HP:0000914;HP:0001680;HP:0002617;HP:0001367;HP:0100625;HP:0012569;HP:0000078;HP:0001642;HP:0000144;HP:0001531;HP:0000974;HP:0001643;HP:0010318;HP:0005692;HP:0001633;HP:0000457;HP:0000054;HP:0000431;HP:0007392;HP:0003691;HP:0030084;HP:0000242;HP:0000391;HP:0001252;HP:0000135;HP:0000486;HP:0100777;HP:0002653;HP:0000348;HP:0000768;HP:0000369;HP:0000925;HP:0002208;HP:0001156;HP:0000474;HP:0000520;HP:0000823;HP:0000358;HP:0000407;HP:0001428;HP:0011362;HP:0001425;HP:0004306;HP:0001682;HP:0100697;HP:0001263;HP:0005701;HP:0000767;HP:0000006;HP:0000921;HP:0002167;HP:0002650;HP:0002996;HP:0001928;HP:0002861;HP:0001639;HP:0008724;HP:0000470;HP:0001249;HP:0001743;HP:0001641;HP:0002162;HP:0000494;HP:0000689;HP:0004415;HP:0000179;HP:0000271;HP:0000465;HP:0003251;HP:0000411;HP:0002974;HP:0002967;HP:0008897;HP:0000915;HP:0001629;HP:0001631;HP:0000028;HP:0003298;HP:0000368;HP:0000508;HP:0000912;HP:0100763;HP:0006610;HP:0001634;HP:0008872;HP:0006824;HP:0006695;HP:0100542;HP:0002750;HP:0001256;HP:0100769;HP:0000944;HP:0001511;HP:0008625;HP:0001260;HP:0000286;HP:0001003;HP:0000639;HP:0004859;HP:0000303;HP:0004841;HP:0012209;HP:0004322;HP:0004409;HP:0011381;HP:0011869;HP:0000047;HP:0000175;HP:0009466;HP:0001482;HP:0000917;HP:0000545;HP:0011675;HP:0000347;HP:0011710;HP:0000248;HP:0003006;HP:0000218;HP:0002705;HP:0002863;HP:0010463;HP:0001658;HP:0000316;HP:0001608;HP:0000995;HP:0001709;HP:0004209;HP:0004414;HP:0000325;HP:0001004;HP:0000957;HP:0006487;HP:0007477;HP:0002664;HP:0010885;HP:0000476;HP:0001892;HP:0030680;HP:0000122;HP:0001510;HP:0005655;HP:0008357;HP:0002751;HP:0001480;HP:0011800;HP:0005930;HP:0000044;HP:0001324,Heart/Cardiovasculature/Lymphatic,23446178;26817465;11704759;12529711;19795160;25804457;20718194;23875798;28074573;16358218;24736444;15273746;16399795,Cardiac,"BPTP3, CFC, JMML, METCDS, NS1, PTP-1D, PTP2C, SH-PTP2, SH-PTP3, SHP2",9644,2020-06-23T09:22:28Z
RAF1,164760,NOONAN SYNDROME 5,611553,confirmed,monoallelic,uncertain,HP:0011220;HP:0012471;HP:0001658;HP:0001928;HP:0001260;HP:0000391;HP:0100578;HP:0000958;HP:0001874;HP:0002617;HP:0001003;HP:0001482;HP:0000256;HP:0001633;HP:0000347;HP:0000767;HP:0000006;HP:0001249;HP:0000766;HP:0000268;HP:0002162;HP:0006610;HP:0100625;HP:0011381;HP:0000508;HP:0000474;HP:0000179;HP:0001324;HP:0005692;HP:0000144;HP:0000995;HP:0003457;HP:0001004;HP:0000316;HP:0001252;HP:0000974;HP:0000486;HP:0003691;HP:0000431;HP:0001480;HP:0002974;HP:0001641;HP:0002863;HP:0004308;HP:0000369;HP:0006695;HP:0011362;HP:0000639;HP:0001639;HP:0000325;HP:0002861;HP:0004306;HP:0001892;HP:0001511;HP:0001634;HP:0001999;HP:0000494;HP:0001510;HP:0030680;HP:0005280;HP:0000470;HP:0004322;HP:0002212;HP:0002208;HP:0007477;HP:0004209;HP:0003006;HP:0002167;HP:0001644;HP:0003198;HP:0008872;HP:0000768;HP:0002240;HP:0000218;HP:0000154;HP:0003298;HP:0001263;HP:0001156;HP:0000520;HP:0001256;HP:0001653;HP:0010318;HP:0000078;HP:0000912;HP:0001608;HP:0000957;HP:0000044;HP:0000407;HP:0000982;HP:0004415;HP:0000465;HP:0001642;HP:0001631;HP:0000476;HP:0100763;HP:0002750;HP:0011710;HP:0000286;HP:0004414;HP:0007392;HP:0100542;HP:0000271;HP:0000368;HP:0002650;HP:0008625;HP:0000303;HP:0011800;HP:0003236;HP:0001561;HP:0000047;HP:0002967;HP:0011869;HP:0003764;HP:0011675;HP:0000028;HP:0000248;HP:0000348;HP:0001743,Heart/Cardiovasculature/Lymphatic,23877478;24782337;22821648;20052757;17603482;25706034;23613113;17603483;23613113;17603482;21339642;21440552,Cardiac,"CMD1NN, CRAF, NS5, Raf-1, c-Raf",9829,2020-06-23T09:22:28Z
RAF1,164760,NOONAN SYNDROME 5,611553,confirmed,monoallelic,uncertain,HP:0011220;HP:0012471;HP:0001658;HP:0001928;HP:0001260;HP:0000391;HP:0100578;HP:0000958;HP:0001874;HP:0002617;HP:0001003;HP:0001482;HP:0000256;HP:0001633;HP:0000347;HP:0000767;HP:0000006;HP:0001249;HP:0000766;HP:0000268;HP:0002162;HP:0006610;HP:0100625;HP:0011381;HP:0000508;HP:0000474;HP:0000179;HP:0001324;HP:0005692;HP:0000144;HP:0000995;HP:0003457;HP:0001004;HP:0000316;HP:0001252;HP:0000974;HP:0000486;HP:0003691;HP:0000431;HP:0001480;HP:0002974;HP:0001641;HP:0002863;HP:0004308;HP:0000369;HP:0006695;HP:0011362;HP:0000639;HP:0001639;HP:0000325;HP:0002861;HP:0004306;HP:0001892;HP:0001511;HP:0001634;HP:0001999;HP:0000494;HP:0001510;HP:0030680;HP:0005280;HP:0000470;HP:0004322;HP:0002212;HP:0002208;HP:0007477;HP:0004209;HP:0003006;HP:0002167;HP:0001644;HP:0003198;HP:0008872;HP:0000768;HP:0002240;HP:0000218;HP:0000154;HP:0003298;HP:0001263;HP:0001156;HP:0000520;HP:0001256;HP:0001653;HP:0010318;HP:0000078;HP:0000912;HP:0001608;HP:0000957;HP:0000044;HP:0000407;HP:0000982;HP:0004415;HP:0000465;HP:0001642;HP:0001631;HP:0000476;HP:0100763;HP:0002750;HP:0011710;HP:0000286;HP:0004414;HP:0007392;HP:0100542;HP:0000271;HP:0000368;HP:0002650;HP:0008625;HP:0000303;HP:0011800;HP:0003236;HP:0001561;HP:0000047;HP:0002967;HP:0011869;HP:0003764;HP:0011675;HP:0000028;HP:0000248;HP:0000348;HP:0001743,Heart/Cardiovasculature/Lymphatic,23877478;24782337;22821648;20052757;17603482;25706034;23613113;17603483;23613113;17603482;21339642;21440552,Cardiac,"CMD1NN, CRAF, NS5, Raf-1, c-Raf",9829,2020-06-23T09:22:28Z
RIT1,609591,NOONAN SYNDROME 8,615355,confirmed,monoallelic,uncertain,HP:0000028;HP:0006610;HP:0000768;HP:0000369;HP:0000508;HP:0030680;HP:0011362;HP:0004415;HP:0007517;HP:0001249;HP:0000044;HP:0000494;HP:0001156;HP:0002240;HP:0001004;HP:0004209;HP:0010318;HP:0001643;HP:0100625;HP:0002750;HP:0000766;HP:0000316;HP:0001712;HP:0004322;HP:0001639;HP:0000639;HP:0001508;HP:0000325;HP:0000470;HP:0000407;HP:0004482;HP:0000474;HP:0000476;HP:0001629;HP:0011800;HP:0002650;HP:0000286;HP:0011381;HP:0002162;HP:0001324;HP:0001928;HP:0001260;HP:0001892;HP:0000465;HP:0001743;HP:0002974;HP:0002212;HP:0000078;HP:0001641;HP:0011675;HP:0011869;HP:0000974;HP:0000348;HP:0000767;HP:0000953;HP:0005692;HP:0000486;HP:0000962;HP:0001642;HP:0001252;HP:0000368;HP:0008872;HP:0002167;HP:0000391;HP:0000218;HP:0000995;HP:0001561;HP:0000520;HP:0100763;HP:0002208;HP:0001631;HP:0000179;HP:0007477;HP:0000006;HP:0002202;HP:0000347,Heart/Cardiovasculature/Lymphatic,23791108;25959749;27101134;25124994;25049390;23875798;27226556,Cardiac,"NS8, RIBB, RIT, ROC1",10023,2020-06-23T09:22:28Z
RIT1,609591,NOONAN SYNDROME 8,615355,confirmed,monoallelic,uncertain,HP:0000028;HP:0006610;HP:0000768;HP:0000369;HP:0000508;HP:0030680;HP:0011362;HP:0004415;HP:0007517;HP:0001249;HP:0000044;HP:0000494;HP:0001156;HP:0002240;HP:0001004;HP:0004209;HP:0010318;HP:0001643;HP:0100625;HP:0002750;HP:0000766;HP:0000316;HP:0001712;HP:0004322;HP:0001639;HP:0000639;HP:0001508;HP:0000325;HP:0000470;HP:0000407;HP:0004482;HP:0000474;HP:0000476;HP:0001629;HP:0011800;HP:0002650;HP:0000286;HP:0011381;HP:0002162;HP:0001324;HP:0001928;HP:0001260;HP:0001892;HP:0000465;HP:0001743;HP:0002974;HP:0002212;HP:0000078;HP:0001641;HP:0011675;HP:0011869;HP:0000974;HP:0000348;HP:0000767;HP:0000953;HP:0005692;HP:0000486;HP:0000962;HP:0001642;HP:0001252;HP:0000368;HP:0008872;HP:0002167;HP:0000391;HP:0000218;HP:0000995;HP:0001561;HP:0000520;HP:0100763;HP:0002208;HP:0001631;HP:0000179;HP:0007477;HP:0000006;HP:0002202;HP:0000347,Heart/Cardiovasculature/Lymphatic,23791108;25959749;27101134;25124994;25049390;23875798;27226556,Cardiac,"NS8, RIBB, RIT, ROC1",10023,2020-06-23T09:22:28Z
SCN5A,600163,BRUGADA SYNDROME 1,601144,confirmed,monoallelic,uncertain,HP:0001279;HP:0004751;HP:0001962;HP:0004757;HP:0000007;HP:0000407;HP:0002047;HP:0011715;HP:0001678;HP:0006673;HP:0004755;HP:0001695;HP:0025478;HP:0005949;HP:0100578;HP:0011705;HP:0005170;HP:0031295;HP:0011704;HP:0012251;HP:0001644;HP:0001664;HP:0004749;HP:0011712;HP:0001645;HP:0006671;HP:0001663;HP:0000006;HP:0003577;HP:0005155;HP:0000982;HP:0001426;HP:0005110;HP:0001712;HP:0001874;HP:0001297;HP:0011713;HP:0003198;HP:0002094;HP:0004308;HP:0011675;HP:0001649;HP:0003457;HP:0005180;HP:0003236;HP:0001657;HP:0001688;HP:0006682;HP:0006699;HP:0011711;HP:0005172;HP:0001425;HP:0001699,Heart/Cardiovasculature/Lymphatic,9521325;12051963;14961552;10690282;10590249;20129283;9521325;27810048,Cardiac,"CDCD2, CMD1E, CMPD2, HB1, HB2, HBBD, HH1, ICCD, IVF, LQT3, Nav1.5, PFHB1, SSS1, VF1",10593,2020-06-23T09:22:28Z
SCN5A,600163,LONG QT SYNDROME 3,603830,confirmed,monoallelic,uncertain,HP:0001279;HP:0004751;HP:0001962;HP:0004757;HP:0000007;HP:0000407;HP:0002047;HP:0011715;HP:0001678;HP:0006673;HP:0004755;HP:0001695;HP:0025478;HP:0005949;HP:0100578;HP:0011705;HP:0005170;HP:0031295;HP:0011704;HP:0012251;HP:0001644;HP:0001664;HP:0004749;HP:0011712;HP:0001645;HP:0006671;HP:0001663;HP:0000006;HP:0003577;HP:0005155;HP:0000982;HP:0001426;HP:0005110;HP:0001712;HP:0001874;HP:0001297;HP:0011713;HP:0003198;HP:0002094;HP:0004308;HP:0011675;HP:0001649;HP:0003457;HP:0005180;HP:0003236;HP:0001657;HP:0001688;HP:0006682;HP:0006699;HP:0011711;HP:0005172;HP:0001425;HP:0001699,Heart/Cardiovasculature/Lymphatic,1309946;7889574;7651517;8917568;10200053;10627139;9495298;10590249;10508990;10377081;10807877;11535573;11533705;12123767;14654377;12673799;12650885;15485686;14736542;17145985;17698727;19808432;19841300;21076026;21799153;22721569;23998552;24871449;23963187;27566755;26467377;28782696,Cardiac,"CDCD2, CMD1E, CMPD2, HB1, HB2, HBBD, HH1, ICCD, IVF, LQT3, Nav1.5, PFHB1, SSS1, VF1",10593,2020-06-23T09:22:28Z
SHOC2,602775,NOONAN SYNDROME-LIKE DISORDER WITH LOOSE ANAGEN HAIR 1,607721,confirmed,monoallelic,uncertain,HP:0000238;HP:0040169;HP:0000006;HP:0006191;HP:0000316;HP:0000369;HP:0011220;HP:0000465;HP:0000179;HP:0000752;HP:0002162;HP:0001290;HP:0001388;HP:0032152;HP:0000174;HP:0000028;HP:0001642;HP:0004322;HP:0001639;HP:0000470;HP:0001231;HP:0001249;HP:0005108;HP:0000233;HP:0001631;HP:0001800;HP:0002002;HP:0000358;HP:0001629;HP:0011968;HP:0000286;HP:0000964;HP:0002079;HP:0000527;HP:0000670;HP:0000400;HP:0000486;HP:0000368;HP:0000256;HP:0000365;HP:0003196;HP:0100840;HP:0001156;HP:0000463;HP:0001611;HP:0002750;HP:0008064;HP:0001561;HP:0002209;HP:0000767;HP:0009811,Heart/Cardiovasculature/Lymphatic,19684605;20882035;21548061;23875798;19684605;27466182;22606262,Cardiac,"SIAA0862, SOC2, SUR8",15454,2020-06-23T09:22:28Z
SLC25A4,103220,MITOCHONDRIAL DNA DEPLETION SYNDROME 12B,615418,confirmed,biallelic,uncertain,HP:0000602;HP:0001962;HP:0003577;HP:0000939;HP:0001272;HP:0000544;HP:0000501;HP:0003202;HP:0007042;HP:0002076;HP:0003689;HP:0001946;HP:0000017;HP:0000821;HP:0002063;HP:0012378;HP:0003326;HP:0001324;HP:0001254;HP:0001265;HP:0001276;HP:0003548;HP:0000545;HP:0003324;HP:0000639;HP:0001250;HP:0001251;HP:0003477;HP:0003731;HP:0000365;HP:0003388;HP:0000505;HP:0002375;HP:0001260;HP:0003546;HP:0012103;HP:0000007;HP:0000836;HP:0001644;HP:0003581;HP:0000338;HP:0000486;HP:0000739;HP:0001513;HP:0002322;HP:0002071;HP:0003458;HP:0000006;HP:0001425;HP:0007302;HP:0000407;HP:0003547;HP:0003394;HP:0000716;HP:0000496;HP:0100543;HP:0001290;HP:0004308;HP:0002020;HP:0003677;HP:0000819;HP:0001131;HP:0000597;HP:0012664;HP:0009830;HP:0001639;HP:0002151;HP:0001992;HP:0003676;HP:0002015;HP:0001508;HP:0001712;HP:0002540;HP:0002396;HP:0003551;HP:0003690;HP:0003438;HP:0002359;HP:0002910;HP:0000590;HP:0002578;HP:0002067;HP:0011675;HP:0003198;HP:0003236;HP:0002747;HP:0003128;HP:0002066;HP:0005110;HP:0001952;HP:0010628;HP:0001288;HP:0002093;HP:0003200;HP:0000512;HP:0003737;HP:0000853;HP:0001337;HP:0001392;HP:0000969;HP:0001349;HP:0002875;HP:0002019;HP:0100704;HP:0000508;HP:0003688;HP:0000518,Heart/Cardiovasculature/Lymphatic,22187496;23401503;25732997;8479824;16155110;9207786;2547778;10974536;21232697;15647764,Cardiac,"AAC1, ANT, ANT 1, ANT1, MTDPS12, MTDPS12A, PEO2, PEO3, PEOA2, T1",10990,2020-06-23T09:22:28Z
SMAD3,603109,LOEYS-DIETZ SYNDROME 3,613795,confirmed,monoallelic,loss of function,HP:0002105;HP:0001659;HP:0100490;HP:0004950;HP:0100749;HP:0001647;HP:0001762;HP:0000023;HP:0005294;HP:0005116;HP:0004942;HP:0000768;HP:0000316;HP:0100775;HP:0000978;HP:0004268;HP:0008419;HP:0001075;HP:0003302;HP:0002140;HP:0012499;HP:0012763;HP:0005110;HP:0002686;HP:0001388;HP:0001699;HP:0001643;HP:0002315;HP:0010648;HP:0004944;HP:0000939;HP:0010646;HP:0011645;HP:0001166;HP:0002617;HP:0002138;HP:0003549;HP:0000175;HP:0001363;HP:0005162;HP:0002875;HP:0002705;HP:0001519;HP:0002616;HP:0011106;HP:0001640;HP:0012432;HP:0001537;HP:0001642;HP:0000689;HP:0001634;HP:0001712;HP:0001297;HP:0000348;HP:0200146;HP:0000965;HP:0001065;HP:0001083;HP:0002650;HP:0000520;HP:0002107;HP:0002076;HP:0000276;HP:0010886;HP:0004959;HP:0001627;HP:0000278;HP:0012385;HP:0000822;HP:0000193;HP:0005112;HP:0006687;HP:0000766;HP:0000268;HP:0000767;HP:0002326;HP:0000272;HP:0000006;HP:0001677;HP:0000577;HP:0002758;HP:0005086;HP:0000518;HP:0001763;HP:0003179;HP:0004933;HP:0012163;HP:0002619;HP:0410151;HP:0000139;HP:0001653;HP:0000218;HP:0025487;HP:0002647;HP:0000977;HP:0008843;HP:0000098;HP:0000525;HP:0000987,Heart/Cardiovasculature/Lymphatic,23272854;21778426;21217753;23782924;23585475,Cardiac,"HSPC193, HsT17436, JV15-2, LDS1C, LDS3, MADH3",6769,2020-06-23T09:22:28Z
SOS1,182530,NOONAN SYNDROME 4,610733,confirmed,monoallelic,uncertain,HP:0002974;HP:0005692;HP:0010318;HP:0000044;HP:0011675;HP:0000494;HP:0000767;HP:0001260;HP:0004209;HP:0000470;HP:0000325;HP:0000486;HP:0001156;HP:0000535;HP:0005280;HP:0000768;HP:0000995;HP:0000006;HP:0000078;HP:0004322;HP:0000169;HP:0000465;HP:0001252;HP:0000689;HP:0000508;HP:0001641;HP:0000316;HP:0000476;HP:0001004;HP:0001629;HP:0001639;HP:0001324;HP:0006610;HP:0100763;HP:0000286;HP:0001642;HP:0000347;HP:0000639;HP:0011869;HP:0002240;HP:0000407;HP:0002208;HP:0002750;HP:0000179;HP:0001743;HP:0000368;HP:0030680;HP:0002162;HP:0007477;HP:0000915;HP:0000212;HP:0032152;HP:0002650;HP:0000520;HP:0001928;HP:0011381;HP:0000256;HP:0004415;HP:0000028;HP:0008872;HP:0011362;HP:0002967;HP:0000348;HP:0000635;HP:0003010;HP:0000391;HP:0001892;HP:0100625;HP:0000218;HP:0000474;HP:0002212;HP:0011800;HP:0009890;HP:0002167,Heart/Cardiovasculature/Lymphatic,17143285;21387466;25712082;25337068;18651097;23875798;17143285;25712082;17143282;20133692;21041952,Cardiac,"GF1, GGF1, GINGF, HGF, NS4, SOS-1",11187,2020-06-23T09:22:28Z
TGFB2,190220,LOEYS-DIETZ SYNDROME 4,614816,confirmed,monoallelic,loss of function,HP:0002107;HP:0002705;HP:0004950;HP:0001083;HP:0000006;HP:0002097;HP:0002616;HP:0001640;HP:0005162;HP:0011106;HP:0002647;HP:0001659;HP:0012763;HP:0001677;HP:0003549;HP:0005112;HP:0000023;HP:0000766;HP:0002326;HP:0002875;HP:0005692;HP:0005116;HP:0000278;HP:0000822;HP:0001634;HP:0001763;HP:0000978;HP:0001762;HP:0002140;HP:0001297;HP:0000525;HP:0004944;HP:0100775;HP:0000218;HP:0000316;HP:0000974;HP:0001647;HP:0003302;HP:0100749;HP:0001643;HP:0012499;HP:0000098;HP:0002650;HP:0012163;HP:0002105;HP:0410151;HP:0000965;HP:0001166;HP:0000494;HP:0001065;HP:0002138;HP:0004933;HP:0004959;HP:0200146;HP:0002686;HP:0012532,Heart/Cardiovasculature/Lymphatic,22772368;22772371,Cardiac,"G-TSF, LDS4, TGF-beta2",11768,2020-06-23T09:22:28Z
TGFBR1,190181,LOEYS-DIETZ SYNDROME 1,609192,confirmed,monoallelic,uncertain,HP:0000202;HP:0004942;HP:0012163;HP:0001640;HP:0005112;HP:0004970;HP:0011106;HP:0001388;HP:0000023;HP:0000963;HP:0001166;HP:0004955;HP:0001373;HP:0002617;HP:0005162;HP:0100775;HP:0000006;HP:0002326;HP:0000767;HP:0002647;HP:0000316;HP:0000766;HP:0003549;HP:0000238;HP:0001263;HP:0012385;HP:0000347;HP:0000768;HP:0001363;HP:0005692;HP:0001425;HP:0004937;HP:0100718;HP:0000987;HP:0009473;HP:0000098;HP:0001249;HP:0002107;HP:0000822;HP:0004950;HP:0001634;HP:0001297;HP:0001762;HP:0002105;HP:0001631;HP:0001647;HP:0000175;HP:0002664;HP:0200146;HP:0002686;HP:0100749;HP:0000978;HP:0012499;HP:0001763;HP:0004944;HP:0000977;HP:0001659;HP:0100490;HP:0000951;HP:0002875;HP:0001695;HP:0001643;HP:0010648;HP:0002138;HP:0000218;HP:0005294;HP:0000525;HP:0000577;HP:0003674;HP:0012763;HP:0000278;HP:0001519;HP:0005182;HP:0004933;HP:0004959;HP:0410151;HP:0000272;HP:0000592;HP:0000965;HP:0002705;HP:0005116;HP:0000520;HP:0002308;HP:0001065;HP:0001162;HP:0002616;HP:0001677;HP:0002650;HP:0000193;HP:0001083;HP:0001892;HP:0002140,Heart/Cardiovasculature/Lymphatic,16791849;26188975;19542084;27146836;16791849;18781618;26188975;22414221;27739498;24355923,Cardiac,"AAT5, ACVRLK4, ALK-5, ALK5, ESS1, LDS1, LDS1A, LDS2A, MSSE, SKR4, TBR-i, TBRI, TGFR-1, tbetaR-I",11772,2020-06-23T09:22:28Z
TGFBR2,190182,LOEYS-DIETZ SYNDROME 2,610168,confirmed,monoallelic,uncertain,HP:0000987;HP:0100571;HP:0002105;HP:0001643;HP:0012385;HP:0012163;HP:0000739;HP:0003401;HP:0001428;HP:0002376;HP:0001608;HP:0000716;HP:0010786;HP:0012499;HP:0004937;HP:0000822;HP:0007018;HP:0010648;HP:0002616;HP:0001695;HP:0000316;HP:0003003;HP:0011459;HP:0100718;HP:0000202;HP:0100749;HP:0010526;HP:0002705;HP:0012763;HP:0100835;HP:0001537;HP:0002875;HP:0002647;HP:0001166;HP:0001677;HP:0006725;HP:0001373;HP:0000965;HP:0002076;HP:0003549;HP:0001659;HP:0000708;HP:0003006;HP:0001634;HP:0005112;HP:0004959;HP:0000272;HP:0001123;HP:0000737;HP:0001388;HP:0010622;HP:0100775;HP:0000525;HP:0004374;HP:0000577;HP:0002107;HP:0100615;HP:0007256;HP:0100660;HP:0001363;HP:0002027;HP:0000023;HP:0001065;HP:0001263;HP:0001763;HP:0000939;HP:0012378;HP:0002671;HP:0000520;HP:0001156;HP:0005692;HP:0010442;HP:0000978;HP:0001297;HP:0006716;HP:0011106;HP:0001159;HP:0001824;HP:0004950;HP:0001762;HP:0002108;HP:0001425;HP:0000238;HP:0001631;HP:0000766;HP:0004955;HP:0004944;HP:0000768;HP:0000218;HP:0004933;HP:0000767;HP:0002326;HP:0000193;HP:0002894;HP:0000006;HP:0001519;HP:0100259;HP:0100576;HP:0009473;HP:0002716;HP:0012174;HP:0100743;HP:0000098;HP:0005162;HP:0002019;HP:0001640;HP:0200008;HP:0001892;HP:0005116;HP:0001522;HP:0002686;HP:0100031;HP:0002893;HP:0000347;HP:0002140;HP:0001402;HP:0001083;HP:0002860;HP:0100613;HP:0001371;HP:0001250;HP:0002138;HP:0002664;HP:0010524;HP:0002024;HP:0003302;HP:0002516;HP:0001252;HP:0001864;HP:0002308;HP:0005807;HP:0410151;HP:0200146;HP:0000738;HP:0000278;HP:0000505;HP:0001647;HP:0000175;HP:0002650;HP:0004970;HP:0001288;HP:0003179;HP:0002354;HP:0001276;HP:0000963;HP:0002167;HP:0004942;HP:0005182;HP:0100490;HP:0001249;HP:0002017;HP:0002239;HP:0001260;HP:0002617;HP:0005294;HP:0012735;HP:0000592;HP:0008872,Heart/Cardiovasculature/Lymphatic,16791849;16027248;16885183;18781618;25555948;12821554;20628007;15731757;12948523;26494233;20628007;15235604;21979435;24401272;24355923,Cardiac,"AAT3, FAA3, LDS1B, LDS2, LDS2B, MFS2, RIIC, TAAD2, TBR-ii, TBRII, TGFR-2, TGFbeta-RII",11773,2020-06-23T09:22:28Z
TNNI3,191044,"CARDIOMYOPATHY, HYPERTROPHIC, 7",613690,confirmed,monoallelic,all missense/in frame,HP:0100578;HP:0000006;HP:0005110;HP:0031295;HP:0001874;HP:0001723;HP:0003198;HP:0011462;HP:0000982;HP:0001638;HP:0000007;HP:0001712;HP:0003621;HP:0001425;HP:0001645;HP:0002119;HP:0003457;HP:0001714;HP:0000407;HP:0001635;HP:0001644;HP:0003236,Heart/Cardiovasculature/Lymphatic,9241277;15698845;22876777;20641121;19035361;15607392,Cardiac,"CMD1FF, CMD2A, CMH7, RCM1, TNNC1, cTnI",11947,2020-06-23T09:22:28Z
TNNT2,191045,"CARDIOMYOPATHY, HYPERTROPHIC, 2",115195,confirmed,monoallelic,all missense/in frame,HP:0005110;HP:0001712;HP:0001638;HP:0001644;HP:0001874;HP:0030682;HP:0001639;HP:0003198;HP:0000982;HP:0001635;HP:0003457;HP:0000407;HP:0000006;HP:0001699;HP:0003236;HP:0100578,Heart/Cardiovasculature/Lymphatic,8205619;23494605;14636924;27532257;27721798;1934353;10330428;10405326;11060294;9637714;10449439,Cardiac,"CMD1D, CMH2, CMPD2, LVNC6, RCM3, TnTC, cTnT",11949,2020-06-23T09:22:28Z
TPM1,191010,"CARDIOMYOPATHY, HYPERTROPHIC, 3",115196,confirmed,monoallelic,all missense/in frame,HP:0003236;HP:0003198;HP:0001644;HP:0001874;HP:0004756;HP:0000982;HP:0001635;HP:0001653;HP:0001639;HP:0100578;HP:0000006;HP:0000407;HP:0003457,Heart/Cardiovasculature/Lymphatic,7729014;8205619;8327508;8774330;8523464;9822100;11136687;12651045;12423715;27532257;25548289;21376702;23508784;27057166;15059934;11603924;11045979;21320446,Cardiac,"C15orf13, CMD1Y, CMH3, HEL-S-265, HTM-alpha, LVNC9, TMSA",12010,2020-06-23T09:22:28Z
TTR,176300,"AMYLOIDOSIS, HEREDITARY, TRANSTHYRETIN-RELATED",105210,confirmed,monoallelic,uncertain,HP:0000006;HP:0001824;HP:0008326;HP:0001269;HP:0012332;HP:0003676;HP:0004926;HP:0008247;HP:0002014;HP:0001337;HP:0001265;HP:0001271;HP:0000365;HP:0001640;HP:0002401;HP:0000112;HP:0002315;HP:0011675;HP:0100832;HP:0000505;HP:0000726;HP:0012185;HP:0000639;HP:0000802;HP:0002019;HP:0002922;HP:0001250;HP:0001678;HP:0012211;HP:0003477;HP:0000020;HP:0001257;HP:0009830;HP:0011034;HP:0001324;HP:0001260;HP:0001251;HP:0001638;HP:0007841;HP:0003581;HP:0012276;HP:0010550,Heart/Cardiovasculature/Lymphatic,16115295;16194874;26537620;1626570;1570831;15983293;27806283;9095004;11310831,Cardiac,"ATTR, CTS, CTS1, HEL111, HsT2651, PALB, TBPA",12405,2020-06-23T09:22:28Z
ALPK3,617608,"CARDIOMYOPATHY, FAMILIAL HYPERTROPHIC 27, Infant-onset  HCM/DCM",618052,confirmed,biallelic,uncertain,HP:0005180;HP:0001789;HP:0001657;HP:0001640;HP:0000007;HP:0001653,Heart/Cardiovasculature/Lymphatic,26846950;27106955;11418590;11418590;27106955;11418590;21441111,Cardiac,"CMH27;MAK, MIDORI",17574,2020-06-23T09:22:28Z
COX15,603646,LEIGH SYNDROME,256000,confirmed,biallelic,uncertain,HP:0000712;HP:0100022;HP:0002171;HP:0001404;HP:0002793;HP:0009830;HP:0003593;HP:0000365;HP:0025356;HP:0002878;HP:0001260;HP:0001427;HP:0000639;HP:0002093;HP:0007183;HP:0001251;HP:0001639;HP:0000602;HP:0001290;HP:0002073;HP:0001252;HP:0002490;HP:0003128;HP:0003676;HP:0000007;HP:0002104;HP:0000508;HP:0007305;HP:0001425;HP:0010864;HP:0008972;HP:0000486;HP:0000252;HP:0001249;HP:0000580;HP:0001629;HP:0001638;HP:0001298;HP:0007020;HP:0001558;HP:0000648;HP:0001332;HP:0001347;HP:0001508;HP:0001263;HP:0000407;HP:0000998;HP:0001903;HP:0001397;HP:0001257;HP:0002151;HP:0002415;HP:0001250;HP:0001941;HP:0002928,Heart/Cardiovasculature/Lymphatic,15235026;11788607;25613900;25613900;21723506;26039449,Cardiac,CEMCOX2,2263,2020-06-23T09:22:28Z
LOX,153455,"AORTIC ANEURYSM FAMILIAL THORACIC, 10",617168,confirmed,monoallelic,loss of function,HP:0005162;HP:0000545;HP:0000767;HP:0001297;HP:0000006;HP:0002705;HP:0001659;HP:0011106;HP:0001519;HP:0000766;HP:0001382;HP:0002650;HP:0000978;HP:0001643;HP:0000316;HP:0100775;HP:0001166;HP:0000098;HP:0012163;HP:0002647;HP:0002875;HP:0001763;HP:0100749;HP:0000822;HP:0002326;HP:0001640;HP:0004950;HP:0004959;HP:0002140;HP:0000023;HP:0002107;HP:0001677;HP:0001653;HP:0002616;HP:0000218;HP:0002686;HP:0004944;HP:0004933;HP:0012763;HP:0000965;HP:0005113;HP:0000278;HP:0000525;HP:0003549;HP:0001647;HP:0002105;HP:0005112;HP:0000678;HP:0200146;HP:0002138;HP:0012499,Heart/Cardiovasculature/Lymphatic,26838787;27432961;27432961;1975633,Cardiac,AAT10,6664,2020-06-23T09:22:28Z
LZTR1,600574,NOONAN SYNDROME 10,616564,confirmed,monoallelic,all missense/in frame,HP:0000508;HP:0000347;HP:0000535;HP:0000179;HP:0008872;HP:0030680;HP:0000325;HP:0001680;HP:0002974;HP:0000391;HP:0000028;HP:0000078;HP:0000639;HP:0011381;HP:0000494;HP:0000218;HP:0011800;HP:0001004;HP:0000520;HP:0100763;HP:0002208;HP:0000474;HP:0001928;HP:0002212;HP:0005692;HP:0000044;HP:0000407;HP:0007477;HP:0100008;HP:0000006;HP:0000767;HP:0010302;HP:0002650;HP:0004415;HP:0001743;HP:0001671;HP:0011362;HP:0001156;HP:0002167;HP:0004209;HP:0000316;HP:0004322;HP:0000768;HP:0002240;HP:0001641;HP:0001252;HP:0000348;HP:0000766;HP:0001892;HP:0001260;HP:0001324;HP:0006610;HP:0100625;HP:0011869;HP:0001642;HP:0003828;HP:0000465;HP:0000368;HP:0000476;HP:0002162;HP:0010318;HP:0001718;HP:0000470;HP:0000486;HP:0002750;HP:0011675;HP:0000995;HP:0003829,Heart/Cardiovasculature/Lymphatic,25049390;25795793,Cardiac,"BTBD29, LZTR-1, NS10, NS2, SWNTS2",6742,2020-06-23T09:22:28Z
PPP1CB,600590,NOONAN SYNDROME-LIKE DISORDER WITH LOOSE ANAGEN HAIR 2,617506,confirmed,monoallelic,uncertain,HP:0000218;HP:0000670;HP:0000174;HP:0002002;HP:0000391;HP:0000494;HP:0002750;HP:0000475;HP:0001382;HP:0005108;HP:0011220;HP:0000470;HP:0001653;HP:0000233;HP:0007099;HP:0001655;HP:0001480;HP:0000316;HP:0001800;HP:0010648;HP:0001508;HP:0000286;HP:0004322;HP:0000256;HP:0000006;HP:0000028;HP:0001680;HP:0000465;HP:0000358;HP:0002162;HP:0000365;HP:0001639;HP:0000238;HP:0000368;HP:0001305;HP:0001249;HP:0001631;HP:0001643;HP:0001363;HP:0004969;HP:0002209;HP:0011712;HP:0000609;HP:0000463;HP:0000957;HP:0000750;HP:0001290;HP:0000369;HP:0001156;HP:0000767;HP:0001231;HP:0000179;HP:0009811;HP:0100840;HP:0001642;HP:0002217;HP:0000400;HP:0000396;HP:0000508;HP:0000768;HP:0000963;HP:0001263;HP:0001629;HP:0008070;HP:0003196,Heart/Cardiovasculature/Lymphatic,27264673;27868344;27681385;28211982;25356899;27681385;16630891;24211266,Cardiac,"HEL-S-80p, NSLH2, PP-1B, PP1B, PP1beta, PPP1CD",9282,2020-06-23T09:22:28Z
PRKG1,176894,"AORTIC ANEURYSM FAMILIAL THORACIC, 8",615436,confirmed,monoallelic,uncertain,HP:0030882;HP:0005162;HP:0002686;HP:0000822;HP:0004933;HP:0000023;HP:0006702;HP:0012727;HP:0011106;HP:0002138;HP:0000006;HP:0002650;HP:0002326;HP:0200146;HP:0002875;HP:0100775;HP:0000965;HP:0002140;HP:0000525;HP:0002107;HP:0000978;HP:0001677;HP:0004950;HP:0100749;HP:0000316;HP:0001647;HP:0012499;HP:0001640;HP:0001166;HP:0003549;HP:0001659;HP:0004959;HP:0001297;HP:0012763;HP:0000278;HP:0001643;HP:0002616;HP:0002705;HP:0000098;HP:0002105;HP:0005112;HP:0012163;HP:0002647;HP:0001763;HP:0000766;HP:0004944,Heart/Cardiovasculature/Lymphatic,23910461;27442293;9606187,Cardiac,"AAT8, PKG, PKG1, PRKG1B, PRKGR1B, cGK, cGK 1, cGK1, cGKI, cGKI-BETA, cGKI-alpha",9414,2020-06-23T09:22:28Z
TRDN,603283,"VENTRICULAR TACHYCARDIA, CATECHOLAMINERGIC POLYMORPHIC, 5, WITH OR WITHOUT MUSCLE WEAKNESS",615441,confirmed,biallelic,uncertain,HP:0000006;HP:0001250;HP:0001279;HP:0001699;HP:0005110;HP:0000007;HP:0002321;HP:0005162;HP:0025478;HP:0031273;HP:0001695;HP:0004756;HP:0006682;HP:0001657;HP:0031677;HP:0003701;HP:0001645;HP:0001259,Heart/Cardiovasculature/Lymphatic,25922419;26768964,Cardiac,"CPVT5, TDN, TRISK",12261,2020-06-23T09:22:28Z
ACTN2,102573,"HCM, LVH, LVNC, DCM, idiopathic VF",612158,probable,monoallelic,uncertain,HP:0000407;HP:0003236;HP:0000982;HP:0003457;HP:0003198;HP:0001644;HP:0005110;HP:0001874;HP:0001678;HP:0001706;HP:0006685;HP:0031319;HP:0001695;HP:0004755;HP:0000006;HP:0100578;HP:0001712;HP:0030682,Heart/Cardiovasculature/Lymphatic,20474083;17097056;20022194;25224718;25173926;26779504;26573135;20474083;14567970;24860983;1339456;20022194;22253474,Cardiac,CMD1AA;CMH23,164,2020-06-23T09:22:28Z
CACNA1C,114205,LONG QT SYNDROME 8,601005,probable,monoallelic,uncertain,HP:0011712;HP:0002719;HP:0002090;HP:0001645;HP:0001662;HP:0004755;HP:0001629;HP:0001663;HP:0001643;HP:0004751;HP:0000821;HP:0001943;HP:0005280;HP:0001636;HP:0001279;HP:0001290;HP:0001655;HP:0005110;HP:0012251;HP:0001159;HP:0004308;HP:0000717;HP:0001249;HP:0000691;HP:0001263;HP:0001640;HP:0011704;HP:0012272;HP:0012232;HP:0000219;HP:0001649;HP:0011715;HP:0001250;HP:0001657;HP:0001695;HP:0000006;HP:0000311;HP:0001699;HP:0011705;HP:0002901;HP:0012725;HP:0012387,Heart/Cardiovasculature/Lymphatic,15863612;23677916;24728418;25633834;27390944,Cardiac,"CACH2;CACN2, CACNL1A1, CCHL1A1, CaV1.2, LQT8, TS, TS. LQT8",1390,2020-06-23T09:22:28Z
CSRP3,600824,"CARDIOMYOPATHY, HYPERTROPHIC, 12",612124,probable,monoallelic,loss of function,HP:0000407;HP:0000006;HP:0001638;HP:0003236;HP:0000982;HP:0006670;HP:0004756;HP:0004757;HP:0001644;HP:0003457;HP:0001645;HP:0003198;HP:0001706;HP:0001874;HP:0100578,Heart/Cardiovasculature/Lymphatic,21425739;22429680;25351510;12642359;16352453;19035361;24934443;20044516;15582318;24934443,Cardiac,"CLP;CMD1M, CMH12, CRP3, LMO4, MLP",2472,2020-06-23T09:22:28Z
JPH2,605267,"CARDIOMYOPATHY, HYPERTROPHIC, 17",613873,probable,monoallelic,all missense/in frame,HP:0001638;HP:0001962;HP:0002094;HP:0004756;HP:0001712;HP:0001685;HP:0000006,Heart/Cardiovasculature/Lymphatic,23973696;17509612;28393127;26869393;17476457;15541368;21216834;17509612;21339484,Cardiac,"CMH17;JP-2, JP2",14202,2020-06-23T09:22:28Z
LDB3,605906,"MYOPATHY, MYOFIBRILLAR, 4",609452,probable,monoallelic,uncertain,HP:0008997;HP:0000407;HP:0001645;HP:0009077;HP:0008954;HP:0011808;HP:0030682;HP:0003445;HP:0001635;HP:0030198;HP:0003457;HP:0003325;HP:0003715;HP:0003236;HP:0009027;HP:0005162;HP:0001271;HP:0031189;HP:0002600;HP:0001288;HP:0001712;HP:0008969;HP:0003555;HP:0009073;HP:0000006;HP:0003324;HP:0006685;HP:0009005;HP:0003323;HP:0000982;HP:0009830;HP:0003736;HP:0001874;HP:0003198;HP:0001626;HP:0004308;HP:0012722;HP:0009072;HP:0001638;HP:0006957;HP:0003458;HP:0003584;HP:0001644;HP:0100578;HP:0002505;HP:0031374;HP:0009063,Heart/Cardiovasculature/Lymphatic,NA,Cardiac,"CMD1C, CMH24, CMPD3, CYPHER, LDB3Z1, LDB3Z4, LVNC3, MFM4, ORACLE, PDLIM6, ZASP",15710,2020-06-23T09:22:28Z
MYBPC3,600958,"CARDIOMYOPATHY, HYPERTROPHIC, 4",115197,probable,monoallelic,loss of function,HP:0003198;HP:0001639;HP:0030682;HP:0000982;HP:0000407;HP:0001644;HP:0001874;HP:0003236;HP:0000006;HP:0003457;HP:0100578,Heart/Cardiovasculature/Lymphatic,18533079;9562578;7493025;27532257;26358504;9440712;24464755;11230104;15249187;11909824,Cardiac,"CMD1MM, CMH4, FHC, LVNC10, MYBP-C, cMyBP-C",7551,2020-06-23T09:22:28Z
SOS2,601247,NOONAN SYNDROME 9,616559,probable,monoallelic,uncertain,HP:0011362;HP:0002750;HP:0001252;HP:0000494;HP:0000407;HP:0001671;HP:0002162;HP:0000348;HP:0011381;HP:0006610;HP:0040180;HP:0011869;HP:0005692;HP:0011675;HP:0000486;HP:0001156;HP:0000347;HP:0000368;HP:0000465;HP:0100763;HP:0004209;HP:0000767;HP:0001642;HP:0000006;HP:0001928;HP:0000995;HP:0001680;HP:0002240;HP:0010318;HP:0007477;HP:0000476;HP:0000044;HP:0008872;HP:0000520;HP:0002974;HP:0011800;HP:0000078;HP:0001004;HP:0000028;HP:0000179;HP:0001641;HP:0002212;HP:0000508;HP:0000639;HP:0000768;HP:0001324;HP:0000535;HP:0000474;HP:0000325;HP:0001263;HP:0000391;HP:0002650;HP:0002167;HP:0001892;HP:0000316;HP:0002208;HP:0004322;HP:0001260;HP:0030680;HP:0000218;HP:0000470;HP:0001743;HP:0004415;HP:0100625,Heart/Cardiovasculature/Lymphatic,25795793;26173643;23875798;10938118,Cardiac,"NS9, SOS-2",11188,2020-06-23T09:22:28Z
TNNC1,191040,"CARDIOMYOPATHY, HYPERTROPHIC, 13",613243,probable,monoallelic,loss of function,HP:0011712;HP:0012250;HP:0001279;HP:0100578;HP:0005110;HP:0003198;HP:0000982;HP:0001644;HP:0200128;HP:0001639;HP:0001874;HP:0000006;HP:0000407;HP:0001663;HP:0011711;HP:0100749;HP:0003236;HP:0002094;HP:0003457,Heart/Cardiovasculature/Lymphatic,18572189;21262074;11385718;22815480;26779504;16302972;24260207;20566645;26976709;26341255;26304555;20925115,Cardiac,"CMD1Z, CMH13, TN-C, TNC, TNNC",11943,2020-06-23T09:22:28Z
ANKRD1,609599,"CARDIOMYOPATHY, HYPERTROPHIC",No disease mim,possible,monoallelic,uncertain,HP:0000505;HP:0011968;HP:0000545;HP:0010720;HP:0000400;HP:0004474;HP:0001653;HP:0007165;HP:0002750;HP:0000311;HP:0001566;HP:0008438;HP:0000294;HP:0002162;HP:0004422;HP:0000175;HP:0000430;HP:0000891;HP:0000154;HP:0000325;HP:0002353;HP:0002808;HP:0000639;HP:0000750;HP:0009466;HP:0008513;HP:0000486;HP:0000343;HP:0000483;HP:0000574;HP:0001249;HP:0000218;HP:0001263;HP:0000348;HP:0001629;HP:0000365;HP:0000717;HP:0001385;HP:0000006;HP:0000028;HP:0012725;HP:0000252;HP:0000637;HP:0030048;HP:0000664;HP:0002650;HP:0000219;HP:0000319;HP:0000426;HP:0002119;HP:0000463;HP:0000582;HP:0000316;HP:0001250;HP:0009623;HP:0002553;HP:0000347;HP:0000389;HP:0000677;HP:0000954;HP:0005518;HP:0006315;HP:0012471;HP:0001159;HP:0011842;HP:0000506;HP:0000609;HP:0030084;HP:0000384;HP:0004322;HP:0000465;HP:0002015;HP:0001572;HP:0002342;HP:0000411;HP:0000307;HP:0001644;HP:0002079;HP:0040019;HP:0001873;HP:0002007;HP:0002948;HP:0045017;HP:0000470;HP:0000902;HP:0000276;HP:0002942,Heart/Cardiovasculature/Lymphatic,19608031;25613900;23572067,Cardiac,"ANCO-1;ANCO1, LZ16, T13",15819,2020-06-23T09:22:28Z
CALR3,611414,"CARDIOMYOPATHY, HYPERTROPHIC, 1",613875,possible,monoallelic,all missense/in frame,NA,Heart/Cardiovasculature/Lymphatic,17655857;26656175,Cardiac,NA,20407,2020-06-23T09:22:28Z
CAV3,601253,LONG QT SYNDROME 9,611818,possible,monoallelic,uncertain,HP:0001425;HP:0003738;HP:0000006;HP:0001688;HP:0002312;HP:0003707;HP:0011805;HP:0008075;HP:0008981;HP:0001695;HP:0009005;HP:0002936;HP:0030089;HP:0003581;HP:0040081;HP:0003458;HP:0003559;HP:0001657;HP:0008962;HP:0003760;HP:0003457;HP:0008967;HP:0009063;HP:0003124;HP:0000467;HP:0003719;HP:0001284;HP:0003557;HP:0008954;HP:0001962;HP:0001761;HP:0003710;HP:0003236;HP:0004308;HP:0003326;HP:0003712,Heart/Cardiovasculature/Lymphatic,14663034;17060380;28115322;24021552;23640888;23541953;24917393;26132555,Cardiac,"LGMD1C;LQT9, MPDT, RMD2, VIP-21, VIP21",1529,2020-06-23T09:22:28Z
KCNE1,176261,LONG QT SYNDROME 5,613695,possible,monoallelic,uncertain,HP:0001425;HP:0000006;HP:0000407;HP:0001645;HP:0001663;HP:0001279;HP:0000007;HP:0001664;HP:0008527;HP:0001657,Heart/Cardiovasculature/Lymphatic,22529812;9354802;9354783;9445165;10400998;11320260;14499862;16155735;16945797;17341399;19907016;20196769;21712262;27076034;29672598;29625280,Cardiac,"ISK, JLNS, JLNS2, LQT2/5, LQT5, MinK",6240,2020-06-23T09:22:28Z
KCNJ2,600681,SHORT QT SYNDROME 3,609622,possible,NA,uncertain,HP:0001864;HP:0000327;HP:0003768;HP:0001773;HP:0001645;HP:0006297;HP:0004279;HP:0200055;HP:0001279;HP:0005147;HP:0001507;HP:0001770;HP:0008153;HP:0001662;HP:0004209;HP:0000677;HP:0000414;HP:0005478;HP:0012232;HP:0000175;HP:0000347;HP:0001678;HP:0009803;HP:0003100;HP:0012745;HP:0010743;HP:0000337;HP:0003779;HP:0001649;HP:0000218;HP:0006335;HP:0000252;HP:0000272;HP:0000325;HP:0002750;HP:0025072;HP:0003691;HP:0001663;HP:0000324;HP:0001388;HP:0005110;HP:0004757;HP:0000219;HP:0000369;HP:0004467;HP:0004308;HP:0000006;HP:0000696;HP:0001156;HP:0003778;HP:0000316;HP:0000716;HP:0000581;HP:0010049;HP:0001657;HP:0001962;HP:0001328;HP:0002650,Heart/Cardiovasculature/Lymphatic,11371347;11371347;15276028;15831539;16541386;16571646;17582433;20111058;21493816;21148745;22589293;23644778;24395924;28003625;29017447,Cardiac,"ATFB9, HHBIRK1, HHIRK1, IRK1, KIR2.1, LQT7, SQT3",6263,2020-06-23T09:22:28Z
KLF10,601878,"CARDIOMYOPATHY, HYPERTROPHIC",No disease mim,possible,monoallelic,all missense/in frame,NA,Heart/Cardiovasculature/Lymphatic,22234868;28082330;26252173;8532536;20201061,Cardiac,NA,11810,2020-06-23T09:22:28Z
LZTR1 (AR),600574,NOONAN SYNDROME 2,605275,possible,biallelic,loss of function,HP:0000508;HP:0000347;HP:0000535;HP:0000179;HP:0008872;HP:0030680;HP:0000325;HP:0001680;HP:0002974;HP:0000391;HP:0000028;HP:0000078;HP:0000639;HP:0011381;HP:0000494;HP:0000218;HP:0011800;HP:0001004;HP:0000520;HP:0100763;HP:0002208;HP:0000474;HP:0001928;HP:0002212;HP:0005692;HP:0000044;HP:0000407;HP:0007477;HP:0100008;HP:0000006;HP:0000767;HP:0010302;HP:0002650;HP:0004415;HP:0001743;HP:0001671;HP:0011362;HP:0001156;HP:0002167;HP:0004209;HP:0000316;HP:0004322;HP:0000768;HP:0002240;HP:0001641;HP:0001252;HP:0000348;HP:0000766;HP:0001892;HP:0001260;HP:0001324;HP:0006610;HP:0100625;HP:0011869;HP:0001642;HP:0003828;HP:0000465;HP:0000368;HP:0000476;HP:0002162;HP:0010318;HP:0001718;HP:0000470;HP:0000486;HP:0002750;HP:0011675;HP:0000995;HP:0003829,Heart/Cardiovasculature/Lymphatic,29469822,Cardiac,"BTBD29, LZTR-1, NS10, NS2, SWNTS2",6742,2020-06-23T09:22:28Z
MRAS,608435,NOONAN SYNDROME 11,618499,possible,monoallelic,uncertain,HP:0000028;HP:0000044;HP:0000078;HP:0000179;HP:0000218;HP:0000316;HP:0000325;HP:0000347;HP:0000348;HP:0000358;HP:0000368;HP:0000369;HP:0000391;HP:0000407;HP:0000414;HP:0000465;HP:0000474;HP:0000476;HP:0000486;HP:0000494;HP:0000508;HP:0000639;HP:0000767;HP:0000768;HP:0000995;HP:0001004;HP:0001156;HP:0001252;HP:0001260;HP:0001263;HP:0001290;HP:0001324;HP:0001631;HP:0001641;HP:0001642;HP:0001743;HP:0001892;HP:0001928;HP:0002162;HP:0002167;HP:0002208;HP:0002240;HP:0002650;HP:0002750;HP:0002974;HP:0004209;HP:0004322;HP:0004415;HP:0005280;HP:0005692;HP:0006610;HP:0007477;HP:0008872;HP:0010318;HP:0011362;HP:0011381;HP:0011675;HP:0011800;HP:0011869;HP:0030680;HP:0100625;HP:0100763,Heart/Cardiovasculature/Lymphatic,28289718;23875798,Cardiac,NA,7227,2020-06-23T09:22:28Z
MYH6,613251,"CARDIOMYOPATHY, HYPERTROPHIC, 14",613251,possible,monoallelic,all missense/in frame,HP:0001682;HP:0001639;HP:0000006;HP:0011675;HP:0001644;HP:0001684;HP:0001874;HP:0001939;HP:0000982;HP:0001699;HP:0003457;HP:0000407;HP:0003198;HP:0001635;HP:0001670;HP:0003236;HP:0100578,Heart/Cardiovasculature/Lymphatic,11815426;27483260;10388558;6234108;24309898,Cardiac,"ASD3, CMD1EE, CMH14, MYHC, MYHCA, SSS3, alpha-MHC",7576,2020-06-23T09:22:28Z
MYL2,160781,"CARDIOMYOPATHY, HYPERTROPHIC, 10",608758,possible,monoallelic,all missense/in frame,HP:0008180;HP:0001558;HP:0001670;HP:0000767;HP:0004755;HP:0001712;HP:0004322;HP:0008981;HP:0011807;HP:0001644;HP:0001508;HP:0000602;HP:0003198;HP:0002515;HP:0002747;HP:0001249;HP:0030192;HP:0003324;HP:0001663;HP:0006380;HP:0003458;HP:0000218;HP:0002751;HP:0002792;HP:0000276;HP:0001639;HP:0000006;HP:0001561;HP:0003273;HP:0006466;HP:0000347;HP:0002205;HP:0012785;HP:0100749;HP:0001315;HP:0002987;HP:0001612;HP:0001374;HP:0000508;HP:0011968;HP:0001762;HP:0002033;HP:0003307;HP:0001645;HP:0010804;HP:0010872;HP:0002094;HP:0001388;HP:0002089;HP:0001270;HP:0004756;HP:0000028;HP:0001962;HP:0003691;HP:0002321;HP:0001252;HP:0005144,Heart/Cardiovasculature/Lymphatic,24111713;9535554;12404107;12818575;12707239;25351510;8673105;21896538;26497160;27532257;11102452;7236212;8316857;16837010;16076902;18987303;27378946;15829506,Cardiac,"CMH10, MLC-2s/v, MLC2",7583,2020-06-23T09:22:28Z
MYLK2,606566,"CARDIOMYOPATHY, HYPERTROPHIC, 1, DIGENIC",192600,possible,monoallelic,all missense/in frame,HP:0001939;HP:0001635;HP:0001682;HP:0011675;HP:0001670,Heart/Cardiovasculature/Lymphatic,11733062;18202317;21696541;11029314;11733062;18202317;18474588;10655107,Cardiac,NA,16243,2020-06-23T09:22:28Z
MYOM1,603508,"CARDIOMYOPATHY, HYPERTROPHIC",No disease mim,possible,biallelic,all missense/in frame,NA,Heart/Cardiovasculature/Lymphatic,21256114;21069531,Cardiac,NA,7613,2020-06-23T09:22:28Z
MYOZ2,605602,"CARDIOMYOPATHY, HYPERTROPHIC, 16",613838,possible,monoallelic,all missense/in frame,HP:0000006;HP:0001670;HP:0004756;HP:0005110;HP:0001712;HP:0011713,Heart/Cardiovasculature/Lymphatic,17347475;18591919;11114196;22987565,Cardiac,"C4orf5, CMH16, CS-1, FATZ-2",1330,2020-06-23T09:22:28Z
MYPN,608517,"CARDIOMYOPATHY, HYPERTROPHIC 22, FAMILIAL RESTRICTIVE 4,  DILATED, 1KK",615248,possible,monoallelic,loss of function,HP:0000006;HP:0000347;HP:0000982;HP:0001638;HP:0001762;HP:0001284;HP:0001634;HP:0000007;HP:0000407;HP:0002747;HP:0008081;HP:0002515;HP:0001371;HP:0006673;HP:0007010;HP:0100578;HP:0001611;HP:0003458;HP:0005110;HP:0040083;HP:0003391;HP:0009055;HP:0001623;HP:0001712;HP:0003236;HP:0001533;HP:0005144;HP:0002804;HP:0001874;HP:0003557;HP:0001315;HP:0001644;HP:0003198;HP:0001653;HP:0003690;HP:0002943;HP:0000276;HP:0001561;HP:0000218;HP:0011703;HP:0009046;HP:0000774;HP:0010628;HP:0001989;HP:0008180;HP:0002068;HP:0003457;HP:0003388;HP:0002067;HP:0030192;HP:0000508;HP:0002650;HP:0001763;HP:0002355;HP:0030200;HP:0002938;HP:0003551;HP:0007210;HP:0000275;HP:0001635;HP:0002483;HP:0003677;HP:0003552;HP:0003798;HP:0002616;HP:0002312;HP:0000467;HP:0002792;HP:0001265;HP:0004303;HP:0002421;HP:0000316;HP:0009058;HP:0001290;HP:0007110;HP:0003700;HP:0003546;HP:0007340;HP:0001761;HP:0040081;HP:0000767;HP:0002359;HP:0001349;HP:0003306;HP:0003691;HP:0011968;HP:0003803;HP:0001270;HP:0001639,Heart/Cardiovasculature/Lymphatic,22286171;22286171;11309420;11309420;22286171,Cardiac,"CMD1DD, CMH22, MYOP, NEM11, RCM4",23246,2020-06-23T09:22:28Z
NEXN,613121,"CARDIOMYOPATHY, HYPERTROPHIC, 20",613876,possible,monoallelic,all missense/in frame,HP:0001712;HP:0000407;HP:0003198;HP:0100578;HP:0003457;HP:0000006;HP:0000982;HP:0001638;HP:0001644;HP:0005110;HP:0001874;HP:0003236,Heart/Cardiovasculature/Lymphatic,20970104;27532257;19881492,Cardiac,"CMH20, NELIN",29557,2020-06-23T09:22:28Z
OBSCN,608616,"CARDIOMYOPATHY, HYPERTROPHIC",No disease mim,possible,monoallelic,loss of function,NA,Heart/Cardiovasculature/Lymphatic,17716621;26573135;11448995;16205939,Cardiac,NA,15719,2020-06-23T09:22:28Z
PDLIM3,605889,"CARDIOMYOPATHY, HYPERTROPHIC",No disease mim,possible,monoallelic,loss of function,NA,Heart/Cardiovasculature/Lymphatic,20801532;9334352,Cardiac,NA,20767,2020-06-23T09:22:28Z
RASA2,601589,NOONAN SYNDROME,No disease mim,possible,monoallelic,uncertain,NA,Heart/Cardiovasculature/Lymphatic,25049390,Cardiac,NA,9872,2020-06-23T09:22:28Z
RRAS,165090,NOONAN SYNDROME,No disease mim,possible,monoallelic,uncertain,NA,Heart/Cardiovasculature/Lymphatic,24705357;23875798,Cardiac,NA,10447,2020-06-23T09:22:28Z
RYR2,180902,ARRHYTHMOGENIC RIGHT VENTRICULAR DYSPLASIA 2,600996,possible,monoallelic,loss of function,HP:0002321;HP:0004308;HP:0006698;HP:0001645;HP:0004758;HP:0001279;HP:0001250;HP:0025478;HP:0001699;HP:0004756;HP:0005162;HP:0011663;HP:0005110;HP:0000006,Heart/Cardiovasculature/Lymphatic,11208676;27988446;11157710;10830164;2380170;12837242;12169647;21768539;18483626,Cardiac,"ARVC2;ARVD2, RYR-2, RyR, VTSIP",10484,2020-06-23T09:22:28Z
TCAP,604488,"CARDIOMYOPATHY, HYPERTROPHIC, 25",607487,possible,monoallelic,all missense/in frame,HP:0008944;HP:0009046;HP:0002355;HP:0003805;HP:0003557;HP:0002522;HP:0003236;HP:0008981;HP:0009053;HP:0000006;HP:0100578;HP:0000982;HP:0001716;HP:0008994;HP:0003560;HP:0000407;HP:0008948;HP:0008997;HP:0003551;HP:0003198;HP:0000007;HP:0001644;HP:0001874;HP:0003457;HP:0009025;HP:0001712;HP:0009027,Heart/Cardiovasculature/Lymphatic,15582318;16352453;12507422;9350988,Cardiac,"CMD1N, CMH25, LGMD2G, LGMDR7, T-cap, TELE, telethonin",11610,2020-06-23T09:22:28Z
TRIM63,606131,"CARDIOMYOPATHY, HYPERTROPHIC",No disease mim,possible,monoallelic,loss of function,NA,Heart/Cardiovasculature/Lymphatic,22821932;25801283;15601779;11679633,Cardiac,NA,16007,2020-06-23T09:22:28Z
TTN,188840,"CARDIOMYOPATHY, FAMILIAL HYPERTROPHIC, 9",613765,possible,monoallelic,all missense/in frame,HP:0011463;HP:0000160;HP:0002355;HP:0012764;HP:0009113;HP:0001712;HP:0003593;HP:0003805;HP:0001999;HP:0001256;HP:0003306;HP:0030059;HP:0002194;HP:0003391;HP:0000006;HP:0001761;HP:0001634;HP:0003376;HP:0000602;HP:0001654;HP:0002828;HP:0000308;HP:0003691;HP:0001635;HP:0009046;HP:0001874;HP:0003457;HP:0003555;HP:0001639;HP:0002877;HP:0100578;HP:0000193;HP:0000407;HP:0100293;HP:0031374;HP:0000276;HP:0003701;HP:0100295;HP:0003236;HP:0002093;HP:0001762;HP:0001667;HP:0003829;HP:0002650;HP:0003323;HP:0006699;HP:0003551;HP:0004322;HP:0003327;HP:0000411;HP:0008994;HP:0003687;HP:0001638;HP:0003547;HP:0003202;HP:0003722;HP:0003581;HP:0010628;HP:0001618;HP:0002312;HP:0005110;HP:0008963;HP:0031237;HP:0003577;HP:0030091;HP:0008959;HP:0003273;HP:0003403;HP:0003731;HP:0000303;HP:0009049;HP:0001508;HP:0003741;HP:0011675;HP:0001763;HP:0001385;HP:0001644;HP:0001260;HP:0001708;HP:0005991;HP:0000007;HP:0001678;HP:0001288;HP:0002747;HP:0000508;HP:0002460;HP:0100807;HP:0001290;HP:0003803;HP:0008800;HP:0002359;HP:0003198;HP:0003324;HP:0003828;HP:0000597;HP:0003715;HP:0030319;HP:0000218;HP:0003749;HP:0002421;HP:0003307;HP:0008981;HP:0004756;HP:0012664;HP:0003458;HP:0002527;HP:0002792;HP:0008180;HP:0001270;HP:0009027;HP:0004889;HP:0009077;HP:0009058;HP:0003560;HP:0001699;HP:0002094;HP:0000278;HP:0002515;HP:0008978;HP:0001620;HP:0000982;HP:0002878;HP:0002111;HP:0001349;HP:0003700;HP:0000750;HP:0001284;HP:0001371;HP:0003557;HP:0003677,Heart/Cardiovasculature/Lymphatic,27625337;21297871;8631348;15582318;25613900;10462489;19608031;27625337;17261657;19679835,Cardiac,"CMD1G, CMH9, CMPD4, EOMFC, HMERF, LGMD2J, LGMDR10, MYLK5, SALMY, TMD",12403,2020-06-23T09:22:28Z
VCL,193065,"CARDIOMYOPATHY, HYPERTROPHIC, 15",613255,possible,monoallelic,all missense/in frame,HP:0000407;HP:0001639;HP:0002094;HP:0001644;HP:0003457;HP:0001635;HP:0003198;HP:0000006;HP:0000982;HP:0001874;HP:0003236;HP:0006685;HP:0100578,Heart/Cardiovasculature/Lymphatic,17097056;16949038;27503891,Cardiac,"CMD1W, CMH15, HEL114, MV, MVCL",12665,2020-06-23T09:22:28Z
